[debug] [2026-04-17T05:25:45.725Z] ----------------------------------------------------------------------
[debug] [2026-04-17T05:25:45.726Z] Command:       /usr/local/bin/node /Users/nikita/.npm/_npx/7750544ccf494d8b/node_modules/.bin/firebase deploy --only functions
[debug] [2026-04-17T05:25:45.726Z] CLI Version:   15.15.0
[debug] [2026-04-17T05:25:45.726Z] Platform:      darwin
[debug] [2026-04-17T05:25:45.726Z] Node Version:  v24.13.0
[debug] [2026-04-17T05:25:45.726Z] Time:          Fri Apr 17 2026 08:25:45 GMT+0300 (Москва, стандартное время)
[debug] [2026-04-17T05:25:45.726Z] ----------------------------------------------------------------------
[debug] 
[debug] [2026-04-17T05:25:46.371Z] > command requires scopes: ["email","openid","https://www.googleapis.com/auth/cloudplatformprojects.readonly","https://www.googleapis.com/auth/firebase","https://www.googleapis.com/auth/cloud-platform"]
[debug] [2026-04-17T05:25:46.372Z] > authorizing via signed-in user (nikita22myt@gmail.com)
[debug] [2026-04-17T05:25:46.372Z] [iam] checking project psb-academy-chat for permissions ["cloudfunctions.functions.create","cloudfunctions.functions.delete","cloudfunctions.functions.get","cloudfunctions.functions.list","cloudfunctions.functions.update","cloudfunctions.operations.get","firebase.projects.get"]
[debug] [2026-04-17T05:25:46.372Z] Checked if tokens are valid: true, expires at: 1776406569381
[debug] [2026-04-17T05:25:46.372Z] Checked if tokens are valid: true, expires at: 1776406569381
[debug] [2026-04-17T05:25:46.372Z] >>> [apiv2][query] POST https://cloudresourcemanager.googleapis.com/v1/projects/psb-academy-chat:testIamPermissions [none]
[debug] [2026-04-17T05:25:46.372Z] >>> [apiv2][(partial)header] POST https://cloudresourcemanager.googleapis.com/v1/projects/psb-academy-chat:testIamPermissions  x-goog-user-project=psb-academy-chat
[debug] [2026-04-17T05:25:46.372Z] >>> [apiv2][body] POST https://cloudresourcemanager.googleapis.com/v1/projects/psb-academy-chat:testIamPermissions {"permissions":["cloudfunctions.functions.create","cloudfunctions.functions.delete","cloudfunctions.functions.get","cloudfunctions.functions.list","cloudfunctions.functions.update","cloudfunctions.operations.get","firebase.projects.get"]}
[debug] [2026-04-17T05:25:47.077Z] <<< [apiv2][status] POST https://cloudresourcemanager.googleapis.com/v1/projects/psb-academy-chat:testIamPermissions 200
[debug] [2026-04-17T05:25:47.077Z] <<< [apiv2][body] POST https://cloudresourcemanager.googleapis.com/v1/projects/psb-academy-chat:testIamPermissions {"permissions":["cloudfunctions.functions.create","cloudfunctions.functions.delete","cloudfunctions.functions.get","cloudfunctions.functions.list","cloudfunctions.functions.update","cloudfunctions.operations.get","firebase.projects.get"]}
[debug] [2026-04-17T05:25:47.078Z] Checked if tokens are valid: true, expires at: 1776406569381
[debug] [2026-04-17T05:25:47.078Z] Checked if tokens are valid: true, expires at: 1776406569381
[debug] [2026-04-17T05:25:47.078Z] >>> [apiv2][query] POST https://iam.googleapis.com/v1/projects/psb-academy-chat/serviceAccounts/psb-academy-chat@appspot.gserviceaccount.com:testIamPermissions [none]
[debug] [2026-04-17T05:25:47.078Z] >>> [apiv2][body] POST https://iam.googleapis.com/v1/projects/psb-academy-chat/serviceAccounts/psb-academy-chat@appspot.gserviceaccount.com:testIamPermissions {"permissions":["iam.serviceAccounts.actAs"]}
[debug] [2026-04-17T05:25:48.161Z] <<< [apiv2][status] POST https://iam.googleapis.com/v1/projects/psb-academy-chat/serviceAccounts/psb-academy-chat@appspot.gserviceaccount.com:testIamPermissions 200
[debug] [2026-04-17T05:25:48.161Z] <<< [apiv2][body] POST https://iam.googleapis.com/v1/projects/psb-academy-chat/serviceAccounts/psb-academy-chat@appspot.gserviceaccount.com:testIamPermissions {"permissions":["iam.serviceAccounts.actAs"]}
[info] 
[info] === Deploying to 'psb-academy-chat'...
[info] 
[info] i  deploying functions 
[debug] [2026-04-17T05:25:48.165Z] Checked if tokens are valid: true, expires at: 1776406569381
[debug] [2026-04-17T05:25:48.165Z] Checked if tokens are valid: true, expires at: 1776406569381
[debug] [2026-04-17T05:25:48.166Z] >>> [apiv2][query] GET https://cloudresourcemanager.googleapis.com/v1/projects/psb-academy-chat [none]
[debug] [2026-04-17T05:25:48.370Z] <<< [apiv2][status] GET https://cloudresourcemanager.googleapis.com/v1/projects/psb-academy-chat 200
[debug] [2026-04-17T05:25:48.371Z] <<< [apiv2][body] GET https://cloudresourcemanager.googleapis.com/v1/projects/psb-academy-chat {"projectNumber":"701758501216","projectId":"psb-academy-chat","lifecycleState":"ACTIVE","name":"psb-academy-chat","labels":{"firebase":"enabled","firebase-core":"disabled"},"createTime":"2026-01-27T20:42:56.322479Z"}
[info] i  functions: preparing codebase default for deployment 
[info] i  functions: ensuring required API cloudfunctions.googleapis.com is enabled... 
[info] i  functions: ensuring required API cloudbuild.googleapis.com is enabled... 
[info] i  artifactregistry: ensuring required API artifactregistry.googleapis.com is enabled... 
[debug] [2026-04-17T05:25:48.373Z] Checked if tokens are valid: true, expires at: 1776406569381
[debug] [2026-04-17T05:25:48.373Z] Checked if tokens are valid: true, expires at: 1776406569381
[debug] [2026-04-17T05:25:48.373Z] >>> [apiv2][query] GET https://firebase.googleapis.com/v1beta1/projects/psb-academy-chat/adminSdkConfig [none]
[debug] [2026-04-17T05:25:48.828Z] <<< [apiv2][status] GET https://firebase.googleapis.com/v1beta1/projects/psb-academy-chat/adminSdkConfig 200
[debug] [2026-04-17T05:25:48.828Z] <<< [apiv2][body] GET https://firebase.googleapis.com/v1beta1/projects/psb-academy-chat/adminSdkConfig {"projectId":"psb-academy-chat","databaseURL":"https://psb-academy-chat-default-rtdb.europe-west1.firebasedatabase.app","storageBucket":"psb-academy-chat.firebasestorage.app"}
[debug] [2026-04-17T05:25:48.829Z] Checked if tokens are valid: true, expires at: 1776406569381
[debug] [2026-04-17T05:25:48.829Z] Checked if tokens are valid: true, expires at: 1776406569381
[debug] [2026-04-17T05:25:48.829Z] >>> [apiv2][query] GET https://runtimeconfig.googleapis.com/v1beta1/projects/psb-academy-chat/configs [none]
[debug] [2026-04-17T05:25:49.137Z] <<< [apiv2][status] GET https://runtimeconfig.googleapis.com/v1beta1/projects/psb-academy-chat/configs 200
[debug] [2026-04-17T05:25:49.137Z] <<< [apiv2][body] GET https://runtimeconfig.googleapis.com/v1beta1/projects/psb-academy-chat/configs {}
[debug] [2026-04-17T05:25:49.139Z] Validating nodejs source
[warn] ⚠  functions: package.json indicates an outdated version of firebase-functions. Please upgrade using npm install --save firebase-functions@latest in your functions directory. 
[warn] ⚠  functions: Please note that there will be breaking changes when you upgrade. 
[debug] [2026-04-17T05:25:49.544Z] > [functions] package.json contents: {
  "name": "psb-academy-functions",
  "description": "Push-уведомления о чате через OneSignal при новом сообщении в Realtime Database",
  "engines": {
    "node": "22"
  },
  "main": "index.js",
  "dependencies": {
    "firebase-admin": "^12.7.0",
    "firebase-functions": "^4.9.0"
  },
  "private": true
}
[debug] [2026-04-17T05:25:49.544Z] Building nodejs source
[info] i  functions: Loading and analyzing source code for codebase default to determine what to deploy 
[info] i  functions: You are using a version of firebase-functions SDK (4.9.0) that does not have support for the newest Firebase Extensions features. Please update firebase-functions SDK to >=5.1.0 to use them correctly 
[debug] [2026-04-17T05:25:49.544Z] Could not find functions.yaml. Must use http discovery
[debug] [2026-04-17T05:25:49.548Z] Found firebase-functions binary at '/Users/nikita/Downloads/prompt-main 3/functions/node_modules/.bin/firebase-functions'
[info] Serving at port 8637

[debug] [2026-04-17T05:25:50.360Z] Got response from /__/functions.yaml {"endpoints":{"notifyChatMessage":{"platform":"gcfv1","availableMemoryMb":256,"timeoutSeconds":60,"minInstances":null,"maxInstances":null,"ingressSettings":null,"serviceAccountEmail":null,"vpc":null,"region":["europe-west1"],"eventTrigger":{"eventType":"providers/google.firebase.database/eventTypes/ref.create","eventFilters":{"resource":"projects/_/instances/psb-academy-chat-default-rtdb/refs/messages/{messageId}"},"retry":false},"labels":{},"entryPoint":"notifyChatMessage"},"webinarReminderPush":{"availableMemoryMb":256,"timeoutSeconds":null,"minInstances":null,"maxInstances":null,"ingressSettings":null,"concurrency":null,"serviceAccountEmail":null,"vpc":null,"platform":"gcfv2","region":["europe-west1"],"labels":{},"scheduleTrigger":{"schedule":"every 15 minutes","retryConfig":{},"timeZone":"Europe/Moscow"},"entryPoint":"webinarReminderPush"},"webinarEndedPush":{"availableMemoryMb":256,"timeoutSeconds":null,"minInstances":null,"maxInstances":null,"ingressSettings":null,"concurrency":null,"serviceAccountEmail":null,"vpc":null,"platform":"gcfv2","region":["europe-west1"],"labels":{},"scheduleTrigger":{"schedule":"every 15 minutes","retryConfig":{},"timeZone":"Europe/Moscow"},"entryPoint":"webinarEndedPush"}},"specVersion":"v1alpha1","requiredAPIs":[{"api":"cloudscheduler.googleapis.com","reason":"Needed for scheduled functions."}]}
[info] i  functions: Loaded environment variables from .env. 
[info] i  functions: preparing functions directory for uploading... 
[info] i  functions: packaged /Users/nikita/Downloads/prompt-main 3/functions (34.26 KB) for uploading 
[info] i  functions: packaged /Users/nikita/Downloads/prompt-main 3/functions (34.51 KB) for uploading 
[debug] [2026-04-17T05:25:54.403Z] Checked if tokens are valid: true, expires at: 1776406569381
[debug] [2026-04-17T05:25:54.403Z] Checked if tokens are valid: true, expires at: 1776406569381
[debug] [2026-04-17T05:25:54.403Z] >>> [apiv2][query] GET https://cloudfunctions.googleapis.com/v1/projects/psb-academy-chat/locations/-/functions [none]
[debug] [2026-04-17T05:25:55.301Z] <<< [apiv2][status] GET https://cloudfunctions.googleapis.com/v1/projects/psb-academy-chat/locations/-/functions 200
[debug] [2026-04-17T05:25:55.301Z] <<< [apiv2][body] GET https://cloudfunctions.googleapis.com/v1/projects/psb-academy-chat/locations/-/functions {}
[debug] [2026-04-17T05:25:55.302Z] Checked if tokens are valid: true, expires at: 1776406569381
[debug] [2026-04-17T05:25:55.302Z] Checked if tokens are valid: true, expires at: 1776406569381
[debug] [2026-04-17T05:25:55.302Z] >>> [apiv2][query] GET https://cloudfunctions.googleapis.com/v2/projects/psb-academy-chat/locations/-/functions filter=environment%3D%22GEN_2%22
[debug] [2026-04-17T05:25:56.386Z] <<< [apiv2][status] GET https://cloudfunctions.googleapis.com/v2/projects/psb-academy-chat/locations/-/functions 200
[debug] [2026-04-17T05:25:56.386Z] <<< [apiv2][body] GET https://cloudfunctions.googleapis.com/v2/projects/psb-academy-chat/locations/-/functions {}
[info] i  functions: ensuring required API cloudscheduler.googleapis.com is enabled... 
[debug] [2026-04-17T05:25:56.389Z] Checked if tokens are valid: true, expires at: 1776406569381
[debug] [2026-04-17T05:25:56.389Z] Checked if tokens are valid: true, expires at: 1776406569381
[debug] [2026-04-17T05:25:56.389Z] >>> [apiv2][query] GET https://serviceusage.googleapis.com/v1/projects/701758501216/services/cloudscheduler.googleapis.com [none]
[debug] [2026-04-17T05:25:56.389Z] >>> [apiv2][(partial)header] GET https://serviceusage.googleapis.com/v1/projects/701758501216/services/cloudscheduler.googleapis.com  x-goog-user-project=701758501216
[debug] [2026-04-17T05:25:57.682Z] <<< [apiv2][status] GET https://serviceusage.googleapis.com/v1/projects/701758501216/services/cloudscheduler.googleapis.com 200
[debug] [2026-04-17T05:25:57.682Z] <<< [apiv2][body] GET https://serviceusage.googleapis.com/v1/projects/701758501216/services/cloudscheduler.googleapis.com [omitted]
[warn] ⚠  functions: missing required API cloudscheduler.googleapis.com. Enabling now... 
[debug] [2026-04-17T05:25:57.683Z] Checked if tokens are valid: true, expires at: 1776406569381
[debug] [2026-04-17T05:25:57.683Z] Checked if tokens are valid: true, expires at: 1776406569381
[debug] [2026-04-17T05:25:57.683Z] >>> [apiv2][query] POST https://serviceusage.googleapis.com/v1/projects/701758501216/services/cloudscheduler.googleapis.com:enable [none]
[debug] [2026-04-17T05:25:57.683Z] >>> [apiv2][(partial)header] POST https://serviceusage.googleapis.com/v1/projects/701758501216/services/cloudscheduler.googleapis.com:enable  x-goog-user-project=701758501216
[debug] [2026-04-17T05:25:58.562Z] <<< [apiv2][status] POST https://serviceusage.googleapis.com/v1/projects/701758501216/services/cloudscheduler.googleapis.com:enable 200
[debug] [2026-04-17T05:25:58.562Z] <<< [apiv2][body] POST https://serviceusage.googleapis.com/v1/projects/701758501216/services/cloudscheduler.googleapis.com:enable [omitted]
[info] i  functions: ensuring required API run.googleapis.com is enabled... 
[debug] [2026-04-17T05:26:08.579Z] Checked if tokens are valid: true, expires at: 1776406569381
[debug] [2026-04-17T05:26:08.579Z] Checked if tokens are valid: true, expires at: 1776406569381
[info] i  functions: ensuring required API eventarc.googleapis.com is enabled... 
[debug] [2026-04-17T05:26:08.580Z] Checked if tokens are valid: true, expires at: 1776406569381
[debug] [2026-04-17T05:26:08.580Z] Checked if tokens are valid: true, expires at: 1776406569381
[info] i  functions: ensuring required API pubsub.googleapis.com is enabled... 
[debug] [2026-04-17T05:26:08.580Z] Checked if tokens are valid: true, expires at: 1776406569381
[debug] [2026-04-17T05:26:08.580Z] Checked if tokens are valid: true, expires at: 1776406569381
[info] i  functions: ensuring required API storage.googleapis.com is enabled... 
[debug] [2026-04-17T05:26:08.580Z] Checked if tokens are valid: true, expires at: 1776406569381
[debug] [2026-04-17T05:26:08.580Z] Checked if tokens are valid: true, expires at: 1776406569381
[debug] [2026-04-17T05:26:08.580Z] >>> [apiv2][query] GET https://serviceusage.googleapis.com/v1/projects/701758501216/services/run.googleapis.com [none]
[debug] [2026-04-17T05:26:08.580Z] >>> [apiv2][(partial)header] GET https://serviceusage.googleapis.com/v1/projects/701758501216/services/run.googleapis.com  x-goog-user-project=701758501216
[debug] [2026-04-17T05:26:08.582Z] >>> [apiv2][query] GET https://serviceusage.googleapis.com/v1/projects/701758501216/services/eventarc.googleapis.com [none]
[debug] [2026-04-17T05:26:08.582Z] >>> [apiv2][(partial)header] GET https://serviceusage.googleapis.com/v1/projects/701758501216/services/eventarc.googleapis.com  x-goog-user-project=701758501216
[debug] [2026-04-17T05:26:08.582Z] >>> [apiv2][query] GET https://serviceusage.googleapis.com/v1/projects/701758501216/services/pubsub.googleapis.com [none]
[debug] [2026-04-17T05:26:08.582Z] >>> [apiv2][(partial)header] GET https://serviceusage.googleapis.com/v1/projects/701758501216/services/pubsub.googleapis.com  x-goog-user-project=701758501216
[debug] [2026-04-17T05:26:08.584Z] >>> [apiv2][query] GET https://serviceusage.googleapis.com/v1/projects/701758501216/services/storage.googleapis.com [none]
[debug] [2026-04-17T05:26:08.584Z] >>> [apiv2][(partial)header] GET https://serviceusage.googleapis.com/v1/projects/701758501216/services/storage.googleapis.com  x-goog-user-project=701758501216
[debug] [2026-04-17T05:26:09.421Z] <<< [apiv2][status] GET https://serviceusage.googleapis.com/v1/projects/701758501216/services/eventarc.googleapis.com 200
[debug] [2026-04-17T05:26:09.421Z] <<< [apiv2][body] GET https://serviceusage.googleapis.com/v1/projects/701758501216/services/eventarc.googleapis.com [omitted]
[warn] ⚠  functions: missing required API eventarc.googleapis.com. Enabling now... 
[debug] [2026-04-17T05:26:09.422Z] Checked if tokens are valid: true, expires at: 1776406569381
[debug] [2026-04-17T05:26:09.422Z] Checked if tokens are valid: true, expires at: 1776406569381
[debug] [2026-04-17T05:26:09.422Z] >>> [apiv2][query] POST https://serviceusage.googleapis.com/v1/projects/701758501216/services/eventarc.googleapis.com:enable [none]
[debug] [2026-04-17T05:26:09.422Z] >>> [apiv2][(partial)header] POST https://serviceusage.googleapis.com/v1/projects/701758501216/services/eventarc.googleapis.com:enable  x-goog-user-project=701758501216
[debug] [2026-04-17T05:26:09.563Z] <<< [apiv2][status] GET https://serviceusage.googleapis.com/v1/projects/701758501216/services/storage.googleapis.com 200
[debug] [2026-04-17T05:26:09.563Z] <<< [apiv2][body] GET https://serviceusage.googleapis.com/v1/projects/701758501216/services/storage.googleapis.com [omitted]
[info] ✔  functions: required API storage.googleapis.com is enabled 
[debug] [2026-04-17T05:26:09.755Z] <<< [apiv2][status] GET https://serviceusage.googleapis.com/v1/projects/701758501216/services/pubsub.googleapis.com 200
[debug] [2026-04-17T05:26:09.755Z] <<< [apiv2][body] GET https://serviceusage.googleapis.com/v1/projects/701758501216/services/pubsub.googleapis.com [omitted]
[info] ✔  functions: required API pubsub.googleapis.com is enabled 
[debug] [2026-04-17T05:26:09.769Z] <<< [apiv2][status] GET https://serviceusage.googleapis.com/v1/projects/701758501216/services/run.googleapis.com 200
[debug] [2026-04-17T05:26:09.770Z] <<< [apiv2][body] GET https://serviceusage.googleapis.com/v1/projects/701758501216/services/run.googleapis.com [omitted]
[warn] ⚠  functions: missing required API run.googleapis.com. Enabling now... 
[debug] [2026-04-17T05:26:09.770Z] Checked if tokens are valid: true, expires at: 1776406569381
[debug] [2026-04-17T05:26:09.770Z] Checked if tokens are valid: true, expires at: 1776406569381
[debug] [2026-04-17T05:26:09.770Z] >>> [apiv2][query] POST https://serviceusage.googleapis.com/v1/projects/701758501216/services/run.googleapis.com:enable [none]
[debug] [2026-04-17T05:26:09.770Z] >>> [apiv2][(partial)header] POST https://serviceusage.googleapis.com/v1/projects/701758501216/services/run.googleapis.com:enable  x-goog-user-project=701758501216
[debug] [2026-04-17T05:26:10.510Z] <<< [apiv2][status] POST https://serviceusage.googleapis.com/v1/projects/701758501216/services/eventarc.googleapis.com:enable 200
[debug] [2026-04-17T05:26:10.510Z] <<< [apiv2][body] POST https://serviceusage.googleapis.com/v1/projects/701758501216/services/eventarc.googleapis.com:enable [omitted]
[debug] [2026-04-17T05:26:11.258Z] <<< [apiv2][status] POST https://serviceusage.googleapis.com/v1/projects/701758501216/services/run.googleapis.com:enable 200
[debug] [2026-04-17T05:26:11.258Z] <<< [apiv2][body] POST https://serviceusage.googleapis.com/v1/projects/701758501216/services/run.googleapis.com:enable [omitted]
[info] i  functions: generating the service identity for pubsub.googleapis.com... 
[debug] [2026-04-17T05:26:21.268Z] Checked if tokens are valid: true, expires at: 1776406569381
[debug] [2026-04-17T05:26:21.268Z] Checked if tokens are valid: true, expires at: 1776406569381
[info] i  functions: generating the service identity for eventarc.googleapis.com... 
[debug] [2026-04-17T05:26:21.269Z] Checked if tokens are valid: true, expires at: 1776406569381
[debug] [2026-04-17T05:26:21.269Z] Checked if tokens are valid: true, expires at: 1776406569381
[debug] [2026-04-17T05:26:21.269Z] >>> [apiv2][query] POST https://serviceusage.googleapis.com/v1beta1/projects/701758501216/services/pubsub.googleapis.com:generateServiceIdentity [none]
[debug] [2026-04-17T05:26:21.269Z] >>> [apiv2][(partial)header] POST https://serviceusage.googleapis.com/v1beta1/projects/701758501216/services/pubsub.googleapis.com:generateServiceIdentity  x-goog-user-project=701758501216
[debug] [2026-04-17T05:26:21.269Z] >>> [apiv2][body] POST https://serviceusage.googleapis.com/v1beta1/projects/701758501216/services/pubsub.googleapis.com:generateServiceIdentity {}
[debug] [2026-04-17T05:26:21.270Z] >>> [apiv2][query] POST https://serviceusage.googleapis.com/v1beta1/projects/701758501216/services/eventarc.googleapis.com:generateServiceIdentity [none]
[debug] [2026-04-17T05:26:21.271Z] >>> [apiv2][(partial)header] POST https://serviceusage.googleapis.com/v1beta1/projects/701758501216/services/eventarc.googleapis.com:generateServiceIdentity  x-goog-user-project=701758501216
[debug] [2026-04-17T05:26:21.271Z] >>> [apiv2][body] POST https://serviceusage.googleapis.com/v1beta1/projects/701758501216/services/eventarc.googleapis.com:generateServiceIdentity {}
[debug] [2026-04-17T05:26:22.567Z] <<< [apiv2][status] POST https://serviceusage.googleapis.com/v1beta1/projects/701758501216/services/eventarc.googleapis.com:generateServiceIdentity 200
[debug] [2026-04-17T05:26:22.567Z] <<< [apiv2][body] POST https://serviceusage.googleapis.com/v1beta1/projects/701758501216/services/eventarc.googleapis.com:generateServiceIdentity {"name":"operations/finished.DONE_OPERATION","done":true,"response":{"@type":"type.googleapis.com/google.api.serviceusage.v1beta1.ServiceIdentity","email":"service-701758501216@gcp-sa-eventarc.iam.gserviceaccount.com","uniqueId":"104473662610021304732"}}
[debug] [2026-04-17T05:26:22.890Z] <<< [apiv2][status] POST https://serviceusage.googleapis.com/v1beta1/projects/701758501216/services/pubsub.googleapis.com:generateServiceIdentity 200
[debug] [2026-04-17T05:26:22.890Z] <<< [apiv2][body] POST https://serviceusage.googleapis.com/v1beta1/projects/701758501216/services/pubsub.googleapis.com:generateServiceIdentity {"name":"operations/finished.DONE_OPERATION","done":true,"response":{"@type":"type.googleapis.com/google.api.serviceusage.v1beta1.ServiceIdentity","email":"service-701758501216@gcp-sa-pubsub.iam.gserviceaccount.com","uniqueId":"103682368967260059795"}}
[debug] [2026-04-17T05:26:22.893Z] Checked if tokens are valid: true, expires at: 1776406569381
[debug] [2026-04-17T05:26:22.893Z] Checked if tokens are valid: true, expires at: 1776406569381
[debug] [2026-04-17T05:26:22.893Z] >>> [apiv2][query] GET https://cloudresourcemanager.googleapis.com/v1/projects/psb-academy-chat [none]
[debug] [2026-04-17T05:26:24.059Z] <<< [apiv2][status] GET https://cloudresourcemanager.googleapis.com/v1/projects/psb-academy-chat 200
[debug] [2026-04-17T05:26:24.060Z] <<< [apiv2][body] GET https://cloudresourcemanager.googleapis.com/v1/projects/psb-academy-chat {"projectNumber":"701758501216","projectId":"psb-academy-chat","lifecycleState":"ACTIVE","name":"psb-academy-chat","labels":{"firebase":"enabled","firebase-core":"disabled"},"createTime":"2026-01-27T20:42:56.322479Z"}
[debug] [2026-04-17T05:26:24.060Z] Checked if tokens are valid: true, expires at: 1776406569381
[debug] [2026-04-17T05:26:24.060Z] Checked if tokens are valid: true, expires at: 1776406569381
[debug] [2026-04-17T05:26:24.060Z] >>> [apiv2][query] GET https://compute.googleapis.com/compute/v1/projects/701758501216 [none]
[debug] [2026-04-17T05:26:24.361Z] <<< [apiv2][status] GET https://compute.googleapis.com/compute/v1/projects/701758501216 403
[debug] [2026-04-17T05:26:24.361Z] <<< [apiv2][body] GET https://compute.googleapis.com/compute/v1/projects/701758501216 {"error":{"code":403,"message":"Compute Engine API has not been used in project 701758501216 before or it is disabled. Enable it by visiting https://console.developers.google.com/apis/api/compute.googleapis.com/overview?project=701758501216 then retry. If you enabled this API recently, wait a few minutes for the action to propagate to our systems and retry.","errors":[{"message":"Compute Engine API has not been used in project 701758501216 before or it is disabled. Enable it by visiting https://console.developers.google.com/apis/api/compute.googleapis.com/overview?project=701758501216 then retry. If you enabled this API recently, wait a few minutes for the action to propagate to our systems and retry.","domain":"usageLimits","reason":"accessNotConfigured","extendedHelp":"https://console.developers.google.com"}],"status":"PERMISSION_DENIED","details":[{"@type":"type.googleapis.com/google.rpc.ErrorInfo","reason":"SERVICE_DISABLED","domain":"googleapis.com","metadata":{"activationUrl":"https://console.developers.google.com/apis/api/compute.googleapis.com/overview?project=701758501216","consumer":"projects/701758501216","service":"compute.googleapis.com","containerInfo":"701758501216","serviceTitle":"Compute Engine API"}},{"@type":"type.googleapis.com/google.rpc.LocalizedMessage","locale":"en-US","message":"Compute Engine API has not been used in project 701758501216 before or it is disabled. Enable it by visiting https://console.developers.google.com/apis/api/compute.googleapis.com/overview?project=701758501216 then retry. If you enabled this API recently, wait a few minutes for the action to propagate to our systems and retry."},{"@type":"type.googleapis.com/google.rpc.Help","links":[{"description":"Google developers console API activation","url":"https://console.developers.google.com/apis/api/compute.googleapis.com/overview?project=701758501216"}]}]}}
[debug] [2026-04-17T05:26:24.362Z] unable to look up default compute service account. Falling back to 701758501216-compute@developer.gserviceaccount.com. Error: {"name":"FirebaseError","children":[],"context":{"body":{"error":{"code":403,"message":"Compute Engine API has not been used in project 701758501216 before or it is disabled. Enable it by visiting https://console.developers.google.com/apis/api/compute.googleapis.com/overview?project=701758501216 then retry. If you enabled this API recently, wait a few minutes for the action to propagate to our systems and retry.","errors":[{"message":"Compute Engine API has not been used in project 701758501216 before or it is disabled. Enable it by visiting https://console.developers.google.com/apis/api/compute.googleapis.com/overview?project=701758501216 then retry. If you enabled this API recently, wait a few minutes for the action to propagate to our systems and retry.","domain":"usageLimits","reason":"accessNotConfigured","extendedHelp":"https://console.developers.google.com"}],"status":"PERMISSION_DENIED","details":[{"@type":"type.googleapis.com/google.rpc.ErrorInfo","reason":"SERVICE_DISABLED","domain":"googleapis.com","metadata":{"activationUrl":"https://console.developers.google.com/apis/api/compute.googleapis.com/overview?project=701758501216","consumer":"projects/701758501216","service":"compute.googleapis.com","containerInfo":"701758501216","serviceTitle":"Compute Engine API"}},{"@type":"type.googleapis.com/google.rpc.LocalizedMessage","locale":"en-US","message":"Compute Engine API has not been used in project 701758501216 before or it is disabled. Enable it by visiting https://console.developers.google.com/apis/api/compute.googleapis.com/overview?project=701758501216 then retry. If you enabled this API recently, wait a few minutes for the action to propagate to our systems and retry."},{"@type":"type.googleapis.com/google.rpc.Help","links":[{"description":"Google developers console API activation","url":"https://console.developers.google.com/apis/api/compute.googleapis.com/overview?project=701758501216"}]}]}},"response":{"statusCode":403}},"exit":1,"message":"Request to https://compute.googleapis.com/compute/v1/projects/701758501216 had HTTP Error: 403, Compute Engine API has not been used in project 701758501216 before or it is disabled. Enable it by visiting https://console.developers.google.com/apis/api/compute.googleapis.com/overview?project=701758501216 then retry. If you enabled this API recently, wait a few minutes for the action to propagate to our systems and retry.","status":403}
[debug] [2026-04-17T05:26:24.362Z] Checked if tokens are valid: true, expires at: 1776406569381
[debug] [2026-04-17T05:26:24.362Z] Checked if tokens are valid: true, expires at: 1776406569381
[debug] [2026-04-17T05:26:24.362Z] >>> [apiv2][query] GET https://compute.googleapis.com/compute/v1/projects/701758501216 [none]
[debug] [2026-04-17T05:26:24.539Z] <<< [apiv2][status] GET https://compute.googleapis.com/compute/v1/projects/701758501216 403
[debug] [2026-04-17T05:26:24.540Z] <<< [apiv2][body] GET https://compute.googleapis.com/compute/v1/projects/701758501216 {"error":{"code":403,"message":"Compute Engine API has not been used in project 701758501216 before or it is disabled. Enable it by visiting https://console.developers.google.com/apis/api/compute.googleapis.com/overview?project=701758501216 then retry. If you enabled this API recently, wait a few minutes for the action to propagate to our systems and retry.","errors":[{"message":"Compute Engine API has not been used in project 701758501216 before or it is disabled. Enable it by visiting https://console.developers.google.com/apis/api/compute.googleapis.com/overview?project=701758501216 then retry. If you enabled this API recently, wait a few minutes for the action to propagate to our systems and retry.","domain":"usageLimits","reason":"accessNotConfigured","extendedHelp":"https://console.developers.google.com"}],"status":"PERMISSION_DENIED","details":[{"@type":"type.googleapis.com/google.rpc.ErrorInfo","reason":"SERVICE_DISABLED","domain":"googleapis.com","metadata":{"activationUrl":"https://console.developers.google.com/apis/api/compute.googleapis.com/overview?project=701758501216","serviceTitle":"Compute Engine API","consumer":"projects/701758501216","containerInfo":"701758501216","service":"compute.googleapis.com"}},{"@type":"type.googleapis.com/google.rpc.LocalizedMessage","locale":"en-US","message":"Compute Engine API has not been used in project 701758501216 before or it is disabled. Enable it by visiting https://console.developers.google.com/apis/api/compute.googleapis.com/overview?project=701758501216 then retry. If you enabled this API recently, wait a few minutes for the action to propagate to our systems and retry."},{"@type":"type.googleapis.com/google.rpc.Help","links":[{"description":"Google developers console API activation","url":"https://console.developers.google.com/apis/api/compute.googleapis.com/overview?project=701758501216"}]}]}}
[debug] [2026-04-17T05:26:24.540Z] unable to look up default compute service account. Falling back to 701758501216-compute@developer.gserviceaccount.com. Error: {"name":"FirebaseError","children":[],"context":{"body":{"error":{"code":403,"message":"Compute Engine API has not been used in project 701758501216 before or it is disabled. Enable it by visiting https://console.developers.google.com/apis/api/compute.googleapis.com/overview?project=701758501216 then retry. If you enabled this API recently, wait a few minutes for the action to propagate to our systems and retry.","errors":[{"message":"Compute Engine API has not been used in project 701758501216 before or it is disabled. Enable it by visiting https://console.developers.google.com/apis/api/compute.googleapis.com/overview?project=701758501216 then retry. If you enabled this API recently, wait a few minutes for the action to propagate to our systems and retry.","domain":"usageLimits","reason":"accessNotConfigured","extendedHelp":"https://console.developers.google.com"}],"status":"PERMISSION_DENIED","details":[{"@type":"type.googleapis.com/google.rpc.ErrorInfo","reason":"SERVICE_DISABLED","domain":"googleapis.com","metadata":{"activationUrl":"https://console.developers.google.com/apis/api/compute.googleapis.com/overview?project=701758501216","serviceTitle":"Compute Engine API","consumer":"projects/701758501216","containerInfo":"701758501216","service":"compute.googleapis.com"}},{"@type":"type.googleapis.com/google.rpc.LocalizedMessage","locale":"en-US","message":"Compute Engine API has not been used in project 701758501216 before or it is disabled. Enable it by visiting https://console.developers.google.com/apis/api/compute.googleapis.com/overview?project=701758501216 then retry. If you enabled this API recently, wait a few minutes for the action to propagate to our systems and retry."},{"@type":"type.googleapis.com/google.rpc.Help","links":[{"description":"Google developers console API activation","url":"https://console.developers.google.com/apis/api/compute.googleapis.com/overview?project=701758501216"}]}]}},"response":{"statusCode":403}},"exit":1,"message":"Request to https://compute.googleapis.com/compute/v1/projects/701758501216 had HTTP Error: 403, Compute Engine API has not been used in project 701758501216 before or it is disabled. Enable it by visiting https://console.developers.google.com/apis/api/compute.googleapis.com/overview?project=701758501216 then retry. If you enabled this API recently, wait a few minutes for the action to propagate to our systems and retry.","status":403}
[debug] [2026-04-17T05:26:24.542Z] Checked if tokens are valid: true, expires at: 1776406569381
[debug] [2026-04-17T05:26:24.542Z] Checked if tokens are valid: true, expires at: 1776406569381
[debug] [2026-04-17T05:26:24.542Z] Checked if tokens are valid: true, expires at: 1776406569381
[debug] [2026-04-17T05:26:24.542Z] Checked if tokens are valid: true, expires at: 1776406569381
[debug] [2026-04-17T05:26:24.542Z] >>> [apiv2][query] POST https://cloudfunctions.googleapis.com/v1/projects/psb-academy-chat/locations/europe-west1/functions:generateUploadUrl [none]
[debug] [2026-04-17T05:26:24.542Z] >>> [apiv2][body] POST https://cloudfunctions.googleapis.com/v1/projects/psb-academy-chat/locations/europe-west1/functions:generateUploadUrl {}
[debug] [2026-04-17T05:26:24.544Z] >>> [apiv2][query] POST https://cloudfunctions.googleapis.com/v2/projects/psb-academy-chat/locations/europe-west1/functions:generateUploadUrl [none]
[debug] [2026-04-17T05:26:26.891Z] <<< [apiv2][status] POST https://cloudfunctions.googleapis.com/v2/projects/psb-academy-chat/locations/europe-west1/functions:generateUploadUrl 200
[debug] [2026-04-17T05:26:26.892Z] <<< [apiv2][body] POST https://cloudfunctions.googleapis.com/v2/projects/psb-academy-chat/locations/europe-west1/functions:generateUploadUrl {"uploadUrl":"https://storage.googleapis.com/gcf-v2-uploads-701758501216.europe-west1.cloudfunctions.appspot.com/b5a0efed-41ad-4a1c-9258-93d846df84c5.zip?GoogleAccessId=service-701758501216@gcf-admin-robot.iam.gserviceaccount.com&Expires=1776405386&Signature=lHkfLZYXr0sCMRFdcMVuFYYcxYdfdVUXxAKBkmMqwrjbs8VaKsdfW14g7o99ewBd2zem9AZSMZ3X%2B73184b2EYuXmQBTff9CojWzGhvViY6PiDFB6JvgZdHKVrE4%2F3kX5TK6l2P%2FSMuPzbB4hq7yIqqx4StQ3php2AOfdPJJmX0WJLNufF%2Fz9ANE90pkh%2F4Dy1b4riCDifgFEIwVZ%2FhghFJcKtu7dMWkH9Gdl6BUotDIHiprmQXlRrOykRP8hu9o%2Bw2c1jAbHQWit242IqrN9Iay7EqcFcA484iplxqh%2FagBv0OBqvoMMxfhKPPASmw%2FU3%2FIY65UrVtQeUc10e2x5A%3D%3D","storageSource":{"bucket":"gcf-v2-uploads-701758501216.europe-west1.cloudfunctions.appspot.com","object":"b5a0efed-41ad-4a1c-9258-93d846df84c5.zip"}}
[debug] [2026-04-17T05:26:26.893Z] >>> [apiv2][query] PUT https://storage.googleapis.com/gcf-v2-uploads-701758501216.europe-west1.cloudfunctions.appspot.com/b5a0efed-41ad-4a1c-9258-93d846df84c5.zip GoogleAccessId=service-701758501216%40gcf-admin-robot.iam.gserviceaccount.com&Expires=1776405386&Signature=lHkfLZYXr0sCMRFdcMVuFYYcxYdfdVUXxAKBkmMqwrjbs8VaKsdfW14g7o99ewBd2zem9AZSMZ3X%2B73184b2EYuXmQBTff9CojWzGhvViY6PiDFB6JvgZdHKVrE4%2F3kX5TK6l2P%2FSMuPzbB4hq7yIqqx4StQ3php2AOfdPJJmX0WJLNufF%2Fz9ANE90pkh%2F4Dy1b4riCDifgFEIwVZ%2FhghFJcKtu7dMWkH9Gdl6BUotDIHiprmQXlRrOykRP8hu9o%2Bw2c1jAbHQWit242IqrN9Iay7EqcFcA484iplxqh%2FagBv0OBqvoMMxfhKPPASmw%2FU3%2FIY65UrVtQeUc10e2x5A%3D%3D
[debug] [2026-04-17T05:26:26.893Z] >>> [apiv2][body] PUT https://storage.googleapis.com/gcf-v2-uploads-701758501216.europe-west1.cloudfunctions.appspot.com/b5a0efed-41ad-4a1c-9258-93d846df84c5.zip [stream]
[debug] [2026-04-17T05:26:27.477Z] <<< [apiv2][status] PUT https://storage.googleapis.com/gcf-v2-uploads-701758501216.europe-west1.cloudfunctions.appspot.com/b5a0efed-41ad-4a1c-9258-93d846df84c5.zip 200
[debug] [2026-04-17T05:26:27.477Z] <<< [apiv2][body] PUT https://storage.googleapis.com/gcf-v2-uploads-701758501216.europe-west1.cloudfunctions.appspot.com/b5a0efed-41ad-4a1c-9258-93d846df84c5.zip [omitted]
[debug] [2026-04-17T05:26:44.432Z] <<< [apiv2][status] POST https://cloudfunctions.googleapis.com/v1/projects/psb-academy-chat/locations/europe-west1/functions:generateUploadUrl 200
[debug] [2026-04-17T05:26:44.433Z] <<< [apiv2][body] POST https://cloudfunctions.googleapis.com/v1/projects/psb-academy-chat/locations/europe-west1/functions:generateUploadUrl {"uploadUrl":"https://storage.googleapis.com/uploads-557388512630.europe-west1.cloudfunctions.appspot.com/1b38ca7c-ab6f-4b13-a903-3ecc529f3db7.zip?GoogleAccessId=service-701758501216@gcf-admin-robot.iam.gserviceaccount.com&Expires=1776405404&Signature=eCN2ediLlbP8dxtrxzw8Jypj6L4ytz%2BkXnd1dsIQOOQn0jxvhrd%2FpmfictCRW5SWekT9NVMRpgzAk9aFsRncbaC82f88jjcXQyB0en%2F9IGD3qTlDiWv7ZFs4z7ai%2BXh72jxMDcwgG7eOcpBFaehZGYOo7nFu%2F3pTJYg1rfgqRrlyVA9JmmRkrjxqH7KooSrz9rT6gmcvezRZXwBpfQrhtC9ElVGOQukk9axajj3ygECzyzm6o6g%2FkaTnrrEYgSh00Nom7pErMifrRsAY0%2BXjqyeXwlK3Zn10C9YiC9tfSdbdiKNI1YCjsnxc8O47zX98l4lk2Y8OQOGGISEbxotEUQ%3D%3D"}
[debug] [2026-04-17T05:26:44.434Z] >>> [apiv2][query] PUT https://storage.googleapis.com/uploads-557388512630.europe-west1.cloudfunctions.appspot.com/1b38ca7c-ab6f-4b13-a903-3ecc529f3db7.zip GoogleAccessId=service-701758501216%40gcf-admin-robot.iam.gserviceaccount.com&Expires=1776405404&Signature=eCN2ediLlbP8dxtrxzw8Jypj6L4ytz%2BkXnd1dsIQOOQn0jxvhrd%2FpmfictCRW5SWekT9NVMRpgzAk9aFsRncbaC82f88jjcXQyB0en%2F9IGD3qTlDiWv7ZFs4z7ai%2BXh72jxMDcwgG7eOcpBFaehZGYOo7nFu%2F3pTJYg1rfgqRrlyVA9JmmRkrjxqH7KooSrz9rT6gmcvezRZXwBpfQrhtC9ElVGOQukk9axajj3ygECzyzm6o6g%2FkaTnrrEYgSh00Nom7pErMifrRsAY0%2BXjqyeXwlK3Zn10C9YiC9tfSdbdiKNI1YCjsnxc8O47zX98l4lk2Y8OQOGGISEbxotEUQ%3D%3D
[debug] [2026-04-17T05:26:44.434Z] >>> [apiv2][body] PUT https://storage.googleapis.com/uploads-557388512630.europe-west1.cloudfunctions.appspot.com/1b38ca7c-ab6f-4b13-a903-3ecc529f3db7.zip [stream]
[debug] [2026-04-17T05:26:45.323Z] <<< [apiv2][status] PUT https://storage.googleapis.com/uploads-557388512630.europe-west1.cloudfunctions.appspot.com/1b38ca7c-ab6f-4b13-a903-3ecc529f3db7.zip 200
[debug] [2026-04-17T05:26:45.324Z] <<< [apiv2][body] PUT https://storage.googleapis.com/uploads-557388512630.europe-west1.cloudfunctions.appspot.com/1b38ca7c-ab6f-4b13-a903-3ecc529f3db7.zip [omitted]
[info] ✔  functions: functions source uploaded successfully 
[info] i  functions: creating Node.js 22 (1st Gen) function notifyChatMessage(europe-west1)... 
[info] i  functions: creating Node.js 22 (2nd Gen) function webinarReminderPush(europe-west1)... 
[info] i  functions: creating Node.js 22 (2nd Gen) function webinarEndedPush(europe-west1)... 
[debug] [2026-04-17T05:26:45.350Z] Checked if tokens are valid: true, expires at: 1776406569381
[debug] [2026-04-17T05:26:45.350Z] Checked if tokens are valid: true, expires at: 1776406569381
[debug] [2026-04-17T05:26:45.350Z] Checked if tokens are valid: true, expires at: 1776406569381
[debug] [2026-04-17T05:26:45.350Z] Checked if tokens are valid: true, expires at: 1776406569381
[debug] [2026-04-17T05:26:45.351Z] >>> [apiv2][query] POST https://cloudfunctions.googleapis.com/v1/projects/psb-academy-chat/locations/europe-west1/functions [none]
[debug] [2026-04-17T05:26:45.351Z] >>> [apiv2][body] POST https://cloudfunctions.googleapis.com/v1/projects/psb-academy-chat/locations/europe-west1/functions {"name":"projects/psb-academy-chat/locations/europe-west1/functions/notifyChatMessage","sourceUploadUrl":"https://storage.googleapis.com/uploads-557388512630.europe-west1.cloudfunctions.appspot.com/1b38ca7c-ab6f-4b13-a903-3ecc529f3db7.zip?GoogleAccessId=service-701758501216@gcf-admin-robot.iam.gserviceaccount.com&Expires=1776405404&Signature=eCN2ediLlbP8dxtrxzw8Jypj6L4ytz%2BkXnd1dsIQOOQn0jxvhrd%2FpmfictCRW5SWekT9NVMRpgzAk9aFsRncbaC82f88jjcXQyB0en%2F9IGD3qTlDiWv7ZFs4z7ai%2BXh72jxMDcwgG7eOcpBFaehZGYOo7nFu%2F3pTJYg1rfgqRrlyVA9JmmRkrjxqH7KooSrz9rT6gmcvezRZXwBpfQrhtC9ElVGOQukk9axajj3ygECzyzm6o6g%2FkaTnrrEYgSh00Nom7pErMifrRsAY0%2BXjqyeXwlK3Zn10C9YiC9tfSdbdiKNI1YCjsnxc8O47zX98l4lk2Y8OQOGGISEbxotEUQ%3D%3D","entryPoint":"notifyChatMessage","runtime":"nodejs22","dockerRegistry":"ARTIFACT_REGISTRY","labels":{"deployment-tool":"cli-firebase","firebase-functions-hash":"b1927a3e206be9fe01a351e68387d483fe1bd0b3"},"eventTrigger":{"eventType":"providers/google.firebase.database/eventTypes/ref.create","resource":"projects/_/instances/psb-academy-chat-default-rtdb/refs/messages/{messageId}"},"minInstances":null,"maxInstances":null,"ingressSettings":null,"environmentVariables":{"ONESIGNAL_REST_API_KEY":"os_v2_app_2slkvpnyz5grrfdlqiulem4s66lnkhyjke6exymqle22uhrap4pclmvthumktu25pnhxxiyjsf35suppthewowupuc5oqm5yqx4ynji","APP_PUBLIC_URL":"https://psb-academy-chat.web.app/","FIREBASE_CONFIG":"{\"projectId\":\"psb-academy-chat\",\"databaseURL\":\"https://psb-academy-chat-default-rtdb.europe-west1.firebasedatabase.app\",\"storageBucket\":\"psb-academy-chat.firebasestorage.app\"}","GCLOUD_PROJECT":"psb-academy-chat","EVENTARC_CLOUD_EVENT_SOURCE":"projects/psb-academy-chat/locations/europe-west1/functions/notifyChatMessage"},"serviceAccountEmail":null,"availableMemoryMb":256,"timeout":"60s","vpcConnector":null,"vpcConnectorEgressSettings":null,"buildEnvironmentVariables":{"GOOGLE_NODE_RUN_SCRIPTS":""}}
[debug] [2026-04-17T05:26:45.351Z] >>> [apiv2][query] POST https://cloudfunctions.googleapis.com/v2/projects/psb-academy-chat/locations/europe-west1/functions functionId=webinarReminderPush
[debug] [2026-04-17T05:26:45.351Z] >>> [apiv2][body] POST https://cloudfunctions.googleapis.com/v2/projects/psb-academy-chat/locations/europe-west1/functions {"name":"projects/psb-academy-chat/locations/europe-west1/functions/webinarReminderPush","buildConfig":{"runtime":"nodejs22","entryPoint":"webinarReminderPush","source":{"storageSource":{"bucket":"gcf-v2-uploads-701758501216.europe-west1.cloudfunctions.appspot.com","object":"b5a0efed-41ad-4a1c-9258-93d846df84c5.zip"}},"environmentVariables":{"GOOGLE_NODE_RUN_SCRIPTS":""}},"serviceConfig":{"environmentVariables":{"ONESIGNAL_REST_API_KEY":"os_v2_app_2slkvpnyz5grrfdlqiulem4s66lnkhyjke6exymqle22uhrap4pclmvthumktu25pnhxxiyjsf35suppthewowupuc5oqm5yqx4ynji","APP_PUBLIC_URL":"https://psb-academy-chat.web.app/","FIREBASE_CONFIG":"{\"projectId\":\"psb-academy-chat\",\"databaseURL\":\"https://psb-academy-chat-default-rtdb.europe-west1.firebasedatabase.app\",\"storageBucket\":\"psb-academy-chat.firebasestorage.app\"}","GCLOUD_PROJECT":"psb-academy-chat","EVENTARC_CLOUD_EVENT_SOURCE":"projects/psb-academy-chat/locations/europe-west1/services/webinarReminderPush","FUNCTION_TARGET":"webinarReminderPush","LOG_EXECUTION_ID":"true"},"ingressSettings":null,"timeoutSeconds":null,"serviceAccountEmail":null,"availableMemory":"256Mi","minInstanceCount":null,"maxInstanceCount":null,"maxInstanceRequestConcurrency":80,"availableCpu":"1","vpcConnector":null,"vpcConnectorEgressSettings":null,"directVpcNetworkInterface":null,"directVpcEgress":null},"labels":{"deployment-tool":"cli-firebase","deployment-scheduled":"true","firebase-functions-hash":"8bec1a628b3ad49ae197152cfe4d73841c50ecfb"}}
[debug] [2026-04-17T05:26:46.079Z] <<< [apiv2][status] POST https://cloudfunctions.googleapis.com/v1/projects/psb-academy-chat/locations/europe-west1/functions 200
[debug] [2026-04-17T05:26:46.079Z] <<< [apiv2][body] POST https://cloudfunctions.googleapis.com/v1/projects/psb-academy-chat/locations/europe-west1/functions {"name":"operations/cHJvamVjdHMvcHNiLWFjYWRlbXktY2hhdC9sb2NhdGlvbnMvZXVyb3BlLXdlc3QxL29wZXJhdGlvbnMvb3BlcmF0aW9uLTE3NzY0MDM2MDU1NDItNjRmYTEzMWUyZDcxYi00MWMxOTQwNy1mODAwN2UwMQ","metadata":{"@type":"type.googleapis.com/google.cloud.functions.v1.OperationMetadataV1","target":"projects/psb-academy-chat/locations/europe-west1/functions/notifyChatMessage","updateTime":"2026-04-17T05:26:46.093030932Z"}}
[debug] [2026-04-17T05:26:46.080Z] Checked if tokens are valid: true, expires at: 1776406569381
[debug] [2026-04-17T05:26:46.080Z] Checked if tokens are valid: true, expires at: 1776406569381
[debug] [2026-04-17T05:26:46.080Z] >>> [apiv2][query] GET https://cloudfunctions.googleapis.com/v1/operations/cHJvamVjdHMvcHNiLWFjYWRlbXktY2hhdC9sb2NhdGlvbnMvZXVyb3BlLXdlc3QxL29wZXJhdGlvbnMvb3BlcmF0aW9uLTE3NzY0MDM2MDU1NDItNjRmYTEzMWUyZDcxYi00MWMxOTQwNy1mODAwN2UwMQ [none]
[debug] [2026-04-17T05:26:46.236Z] <<< [apiv2][status] GET https://cloudfunctions.googleapis.com/v1/operations/cHJvamVjdHMvcHNiLWFjYWRlbXktY2hhdC9sb2NhdGlvbnMvZXVyb3BlLXdlc3QxL29wZXJhdGlvbnMvb3BlcmF0aW9uLTE3NzY0MDM2MDU1NDItNjRmYTEzMWUyZDcxYi00MWMxOTQwNy1mODAwN2UwMQ 200
[debug] [2026-04-17T05:26:46.236Z] <<< [apiv2][body] GET https://cloudfunctions.googleapis.com/v1/operations/cHJvamVjdHMvcHNiLWFjYWRlbXktY2hhdC9sb2NhdGlvbnMvZXVyb3BlLXdlc3QxL29wZXJhdGlvbnMvb3BlcmF0aW9uLTE3NzY0MDM2MDU1NDItNjRmYTEzMWUyZDcxYi00MWMxOTQwNy1mODAwN2UwMQ {"name":"operations/cHJvamVjdHMvcHNiLWFjYWRlbXktY2hhdC9sb2NhdGlvbnMvZXVyb3BlLXdlc3QxL29wZXJhdGlvbnMvb3BlcmF0aW9uLTE3NzY0MDM2MDU1NDItNjRmYTEzMWUyZDcxYi00MWMxOTQwNy1mODAwN2UwMQ","metadata":{"@type":"type.googleapis.com/google.cloud.functions.v1.OperationMetadataV1","target":"projects/psb-academy-chat/locations/europe-west1/functions/notifyChatMessage","updateTime":"2026-04-17T05:26:46.093030932Z"}}
[debug] [2026-04-17T05:26:46.739Z] [create-default-europe-west1-notifyChatMessage] Retrying task index 0
[debug] [2026-04-17T05:26:46.739Z] Checked if tokens are valid: true, expires at: 1776406569381
[debug] [2026-04-17T05:26:46.739Z] Checked if tokens are valid: true, expires at: 1776406569381
[debug] [2026-04-17T05:26:46.739Z] >>> [apiv2][query] GET https://cloudfunctions.googleapis.com/v1/operations/cHJvamVjdHMvcHNiLWFjYWRlbXktY2hhdC9sb2NhdGlvbnMvZXVyb3BlLXdlc3QxL29wZXJhdGlvbnMvb3BlcmF0aW9uLTE3NzY0MDM2MDU1NDItNjRmYTEzMWUyZDcxYi00MWMxOTQwNy1mODAwN2UwMQ [none]
[debug] [2026-04-17T05:26:46.899Z] <<< [apiv2][status] GET https://cloudfunctions.googleapis.com/v1/operations/cHJvamVjdHMvcHNiLWFjYWRlbXktY2hhdC9sb2NhdGlvbnMvZXVyb3BlLXdlc3QxL29wZXJhdGlvbnMvb3BlcmF0aW9uLTE3NzY0MDM2MDU1NDItNjRmYTEzMWUyZDcxYi00MWMxOTQwNy1mODAwN2UwMQ 200
[debug] [2026-04-17T05:26:46.900Z] <<< [apiv2][body] GET https://cloudfunctions.googleapis.com/v1/operations/cHJvamVjdHMvcHNiLWFjYWRlbXktY2hhdC9sb2NhdGlvbnMvZXVyb3BlLXdlc3QxL29wZXJhdGlvbnMvb3BlcmF0aW9uLTE3NzY0MDM2MDU1NDItNjRmYTEzMWUyZDcxYi00MWMxOTQwNy1mODAwN2UwMQ {"name":"operations/cHJvamVjdHMvcHNiLWFjYWRlbXktY2hhdC9sb2NhdGlvbnMvZXVyb3BlLXdlc3QxL29wZXJhdGlvbnMvb3BlcmF0aW9uLTE3NzY0MDM2MDU1NDItNjRmYTEzMWUyZDcxYi00MWMxOTQwNy1mODAwN2UwMQ","metadata":{"@type":"type.googleapis.com/google.cloud.functions.v1.OperationMetadataV1","target":"projects/psb-academy-chat/locations/europe-west1/functions/notifyChatMessage","updateTime":"2026-04-17T05:26:46.093030932Z"}}
[debug] [2026-04-17T05:26:47.802Z] <<< [apiv2][status] POST https://cloudfunctions.googleapis.com/v2/projects/psb-academy-chat/locations/europe-west1/functions 200
[debug] [2026-04-17T05:26:47.802Z] <<< [apiv2][body] POST https://cloudfunctions.googleapis.com/v2/projects/psb-academy-chat/locations/europe-west1/functions {"name":"projects/psb-academy-chat/locations/europe-west1/operations/operation-1776403605700-64fa131e540c1-c62ea9af-e455e8a7","metadata":{"@type":"type.googleapis.com/google.cloud.functions.v2.OperationMetadata","createTime":"2026-04-17T05:26:47.794081818Z","target":"projects/psb-academy-chat/locations/europe-west1/functions/webinarReminderPush","verb":"create","cancelRequested":false,"apiVersion":"v2"},"done":false}
[debug] [2026-04-17T05:26:47.802Z] Checked if tokens are valid: true, expires at: 1776406569381
[debug] [2026-04-17T05:26:47.802Z] Checked if tokens are valid: true, expires at: 1776406569381
[debug] [2026-04-17T05:26:47.803Z] >>> [apiv2][query] GET https://cloudfunctions.googleapis.com/v2/projects/psb-academy-chat/locations/europe-west1/operations/operation-1776403605700-64fa131e540c1-c62ea9af-e455e8a7 [none]
[debug] [2026-04-17T05:26:47.901Z] [create-default-europe-west1-notifyChatMessage] Retrying task index 0
[debug] [2026-04-17T05:26:47.901Z] Checked if tokens are valid: true, expires at: 1776406569381
[debug] [2026-04-17T05:26:47.901Z] Checked if tokens are valid: true, expires at: 1776406569381
[debug] [2026-04-17T05:26:47.901Z] >>> [apiv2][query] GET https://cloudfunctions.googleapis.com/v1/operations/cHJvamVjdHMvcHNiLWFjYWRlbXktY2hhdC9sb2NhdGlvbnMvZXVyb3BlLXdlc3QxL29wZXJhdGlvbnMvb3BlcmF0aW9uLTE3NzY0MDM2MDU1NDItNjRmYTEzMWUyZDcxYi00MWMxOTQwNy1mODAwN2UwMQ [none]
[debug] [2026-04-17T05:26:48.011Z] <<< [apiv2][status] GET https://cloudfunctions.googleapis.com/v2/projects/psb-academy-chat/locations/europe-west1/operations/operation-1776403605700-64fa131e540c1-c62ea9af-e455e8a7 200
[debug] [2026-04-17T05:26:48.011Z] <<< [apiv2][body] GET https://cloudfunctions.googleapis.com/v2/projects/psb-academy-chat/locations/europe-west1/operations/operation-1776403605700-64fa131e540c1-c62ea9af-e455e8a7 {"name":"projects/psb-academy-chat/locations/europe-west1/operations/operation-1776403605700-64fa131e540c1-c62ea9af-e455e8a7","metadata":{"@type":"type.googleapis.com/google.cloud.functions.v2.OperationMetadata","createTime":"2026-04-17T05:26:47.794081818Z","target":"projects/psb-academy-chat/locations/europe-west1/functions/webinarReminderPush","verb":"create","cancelRequested":false,"apiVersion":"v2"},"done":false}
[debug] [2026-04-17T05:26:48.063Z] <<< [apiv2][status] GET https://cloudfunctions.googleapis.com/v1/operations/cHJvamVjdHMvcHNiLWFjYWRlbXktY2hhdC9sb2NhdGlvbnMvZXVyb3BlLXdlc3QxL29wZXJhdGlvbnMvb3BlcmF0aW9uLTE3NzY0MDM2MDU1NDItNjRmYTEzMWUyZDcxYi00MWMxOTQwNy1mODAwN2UwMQ 200
[debug] [2026-04-17T05:26:48.063Z] <<< [apiv2][body] GET https://cloudfunctions.googleapis.com/v1/operations/cHJvamVjdHMvcHNiLWFjYWRlbXktY2hhdC9sb2NhdGlvbnMvZXVyb3BlLXdlc3QxL29wZXJhdGlvbnMvb3BlcmF0aW9uLTE3NzY0MDM2MDU1NDItNjRmYTEzMWUyZDcxYi00MWMxOTQwNy1mODAwN2UwMQ {"name":"operations/cHJvamVjdHMvcHNiLWFjYWRlbXktY2hhdC9sb2NhdGlvbnMvZXVyb3BlLXdlc3QxL29wZXJhdGlvbnMvb3BlcmF0aW9uLTE3NzY0MDM2MDU1NDItNjRmYTEzMWUyZDcxYi00MWMxOTQwNy1mODAwN2UwMQ","metadata":{"@type":"type.googleapis.com/google.cloud.functions.v1.OperationMetadataV1","target":"projects/psb-academy-chat/locations/europe-west1/functions/notifyChatMessage","type":"CREATE_FUNCTION","request":{"@type":"type.googleapis.com/google.cloud.functions.v1.CloudFunction","name":"projects/psb-academy-chat/locations/europe-west1/functions/notifyChatMessage","eventTrigger":{"eventType":"providers/google.firebase.database/eventTypes/ref.create","resource":"projects/_/instances/psb-academy-chat-default-rtdb/refs/messages/{messageId}","failurePolicy":{}},"entryPoint":"notifyChatMessage","timeout":"60s","availableMemoryMb":256,"updateTime":"1970-01-01T00:00:00Z","labels":{"deployment-tool":"cli-firebase","firebase-functions-hash":"b1927a3e206be9fe01a351e68387d483fe1bd0b3"},"sourceUploadUrl":"https://storage.googleapis.com/uploads-557388512630.europe-west1.cloudfunctions.appspot.com/1b38ca7c-ab6f-4b13-a903-3ecc529f3db7.zip?GoogleAccessId=service-701758501216@gcf-admin-robot.iam.gserviceaccount.com&Expires=1776405404&Signature=eCN2ediLlbP8dxtrxzw8Jypj6L4ytz%2BkXnd1dsIQOOQn0jxvhrd%2FpmfictCRW5SWekT9NVMRpgzAk9aFsRncbaC82f88jjcXQyB0en%2F9IGD3qTlDiWv7ZFs4z7ai%2BXh72jxMDcwgG7eOcpBFaehZGYOo7nFu%2F3pTJYg1rfgqRrlyVA9JmmRkrjxqH7KooSrz9rT6gmcvezRZXwBpfQrhtC9ElVGOQukk9axajj3ygECzyzm6o6g%2FkaTnrrEYgSh00Nom7pErMifrRsAY0%2BXjqyeXwlK3Zn10C9YiC9tfSdbdiKNI1YCjsnxc8O47zX98l4lk2Y8OQOGGISEbxotEUQ%3D%3D","environmentVariables":{"ONESIGNAL_REST_API_KEY":"os_v2_app_2slkvpnyz5grrfdlqiulem4s66lnkhyjke6exymqle22uhrap4pclmvthumktu25pnhxxiyjsf35suppthewowupuc5oqm5yqx4ynji","APP_PUBLIC_URL":"https://psb-academy-chat.web.app/","FIREBASE_CONFIG":"{\"projectId\":\"psb-academy-chat\",\"databaseURL\":\"https://psb-academy-chat-default-rtdb.europe-west1.firebasedatabase.app\",\"storageBucket\":\"psb-academy-chat.firebasestorage.app\"}","GCLOUD_PROJECT":"psb-academy-chat","EVENTARC_CLOUD_EVENT_SOURCE":"projects/psb-academy-chat/locations/europe-west1/functions/notifyChatMessage"},"runtime":"nodejs22","buildEnvironmentVariables":{"GOOGLE_NODE_RUN_SCRIPTS":""},"dockerRegistry":"ARTIFACT_REGISTRY"},"versionId":"1","updateTime":"2026-04-17T05:26:46.093030932Z"}}
[debug] [2026-04-17T05:26:48.513Z] [create-default-europe-west1-webinarReminderPush] Retrying task index 0
[debug] [2026-04-17T05:26:48.513Z] Checked if tokens are valid: true, expires at: 1776406569381
[debug] [2026-04-17T05:26:48.513Z] Checked if tokens are valid: true, expires at: 1776406569381
[debug] [2026-04-17T05:26:48.513Z] >>> [apiv2][query] GET https://cloudfunctions.googleapis.com/v2/projects/psb-academy-chat/locations/europe-west1/operations/operation-1776403605700-64fa131e540c1-c62ea9af-e455e8a7 [none]
[debug] [2026-04-17T05:26:48.657Z] <<< [apiv2][status] GET https://cloudfunctions.googleapis.com/v2/projects/psb-academy-chat/locations/europe-west1/operations/operation-1776403605700-64fa131e540c1-c62ea9af-e455e8a7 200
[debug] [2026-04-17T05:26:48.657Z] <<< [apiv2][body] GET https://cloudfunctions.googleapis.com/v2/projects/psb-academy-chat/locations/europe-west1/operations/operation-1776403605700-64fa131e540c1-c62ea9af-e455e8a7 {"name":"projects/psb-academy-chat/locations/europe-west1/operations/operation-1776403605700-64fa131e540c1-c62ea9af-e455e8a7","metadata":{"@type":"type.googleapis.com/google.cloud.functions.v2.OperationMetadata","createTime":"2026-04-17T05:26:47.794081818Z","target":"projects/psb-academy-chat/locations/europe-west1/functions/webinarReminderPush","verb":"create","cancelRequested":false,"apiVersion":"v2","requestResource":{"@type":"type.googleapis.com/google.cloud.functions.v2.Function","name":"projects/psb-academy-chat/locations/europe-west1/functions/webinarReminderPush","buildConfig":{"runtime":"nodejs22","entryPoint":"webinarReminderPush","source":{"storageSource":{"bucket":"gcf-v2-sources-701758501216-europe-west1","object":"webinarReminderPush/function-source.zip","generation":"1776403607279772"}},"environmentVariables":{"GOOGLE_NODE_RUN_SCRIPTS":""},"serviceAccount":"projects/psb-academy-chat/serviceAccounts/701758501216-compute@developer.gserviceaccount.com","automaticUpdatePolicy":{}},"serviceConfig":{"service":"projects/psb-academy-chat/locations/europe-west1/services/webinarreminderpush","timeoutSeconds":60,"environmentVariables":{"ONESIGNAL_REST_API_KEY":"os_v2_app_2slkvpnyz5grrfdlqiulem4s66lnkhyjke6exymqle22uhrap4pclmvthumktu25pnhxxiyjsf35suppthewowupuc5oqm5yqx4ynji","APP_PUBLIC_URL":"https://psb-academy-chat.web.app/","FIREBASE_CONFIG":"{\"projectId\":\"psb-academy-chat\",\"databaseURL\":\"https://psb-academy-chat-default-rtdb.europe-west1.firebasedatabase.app\",\"storageBucket\":\"psb-academy-chat.firebasestorage.app\"}","GCLOUD_PROJECT":"psb-academy-chat","EVENTARC_CLOUD_EVENT_SOURCE":"projects/psb-academy-chat/locations/europe-west1/services/webinarReminderPush","FUNCTION_TARGET":"webinarReminderPush","LOG_EXECUTION_ID":"true"},"ingressSettings":"ALLOW_ALL","serviceAccountEmail":"701758501216-compute@developer.gserviceaccount.com","availableMemory":"256Mi","maxInstanceRequestConcurrency":80,"availableCpu":"1"},"labels":{"deployment-tool":"cli-firebase","deployment-scheduled":"true","firebase-functions-hash":"8bec1a628b3ad49ae197152cfe4d73841c50ecfb"},"environment":"GEN_2"},"stages":[{"name":"BUILD","state":"NOT_STARTED"},{"name":"SERVICE","state":"NOT_STARTED"}],"operationType":"CREATE_FUNCTION"},"done":false}
[debug] [2026-04-17T05:26:49.659Z] [create-default-europe-west1-webinarReminderPush] Retrying task index 0
[debug] [2026-04-17T05:26:49.659Z] Checked if tokens are valid: true, expires at: 1776406569381
[debug] [2026-04-17T05:26:49.659Z] Checked if tokens are valid: true, expires at: 1776406569381
[debug] [2026-04-17T05:26:49.659Z] >>> [apiv2][query] GET https://cloudfunctions.googleapis.com/v2/projects/psb-academy-chat/locations/europe-west1/operations/operation-1776403605700-64fa131e540c1-c62ea9af-e455e8a7 [none]
[debug] [2026-04-17T05:26:49.795Z] <<< [apiv2][status] GET https://cloudfunctions.googleapis.com/v2/projects/psb-academy-chat/locations/europe-west1/operations/operation-1776403605700-64fa131e540c1-c62ea9af-e455e8a7 200
[debug] [2026-04-17T05:26:49.795Z] <<< [apiv2][body] GET https://cloudfunctions.googleapis.com/v2/projects/psb-academy-chat/locations/europe-west1/operations/operation-1776403605700-64fa131e540c1-c62ea9af-e455e8a7 {"name":"projects/psb-academy-chat/locations/europe-west1/operations/operation-1776403605700-64fa131e540c1-c62ea9af-e455e8a7","metadata":{"@type":"type.googleapis.com/google.cloud.functions.v2.OperationMetadata","createTime":"2026-04-17T05:26:47.794081818Z","target":"projects/psb-academy-chat/locations/europe-west1/functions/webinarReminderPush","verb":"create","cancelRequested":false,"apiVersion":"v2","requestResource":{"@type":"type.googleapis.com/google.cloud.functions.v2.Function","name":"projects/psb-academy-chat/locations/europe-west1/functions/webinarReminderPush","buildConfig":{"runtime":"nodejs22","entryPoint":"webinarReminderPush","source":{"storageSource":{"bucket":"gcf-v2-sources-701758501216-europe-west1","object":"webinarReminderPush/function-source.zip","generation":"1776403607279772"}},"environmentVariables":{"GOOGLE_NODE_RUN_SCRIPTS":""},"serviceAccount":"projects/psb-academy-chat/serviceAccounts/701758501216-compute@developer.gserviceaccount.com","automaticUpdatePolicy":{}},"serviceConfig":{"service":"projects/psb-academy-chat/locations/europe-west1/services/webinarreminderpush","timeoutSeconds":60,"environmentVariables":{"ONESIGNAL_REST_API_KEY":"os_v2_app_2slkvpnyz5grrfdlqiulem4s66lnkhyjke6exymqle22uhrap4pclmvthumktu25pnhxxiyjsf35suppthewowupuc5oqm5yqx4ynji","APP_PUBLIC_URL":"https://psb-academy-chat.web.app/","FIREBASE_CONFIG":"{\"projectId\":\"psb-academy-chat\",\"databaseURL\":\"https://psb-academy-chat-default-rtdb.europe-west1.firebasedatabase.app\",\"storageBucket\":\"psb-academy-chat.firebasestorage.app\"}","GCLOUD_PROJECT":"psb-academy-chat","EVENTARC_CLOUD_EVENT_SOURCE":"projects/psb-academy-chat/locations/europe-west1/services/webinarReminderPush","FUNCTION_TARGET":"webinarReminderPush","LOG_EXECUTION_ID":"true"},"ingressSettings":"ALLOW_ALL","serviceAccountEmail":"701758501216-compute@developer.gserviceaccount.com","availableMemory":"256Mi","maxInstanceRequestConcurrency":80,"availableCpu":"1"},"labels":{"deployment-tool":"cli-firebase","deployment-scheduled":"true","firebase-functions-hash":"8bec1a628b3ad49ae197152cfe4d73841c50ecfb"},"environment":"GEN_2"},"stages":[{"name":"BUILD","state":"NOT_STARTED"},{"name":"SERVICE","state":"NOT_STARTED"}],"operationType":"CREATE_FUNCTION"},"done":false}
[debug] [2026-04-17T05:26:50.065Z] [create-default-europe-west1-notifyChatMessage] Retrying task index 0
[debug] [2026-04-17T05:26:50.065Z] Checked if tokens are valid: true, expires at: 1776406569381
[debug] [2026-04-17T05:26:50.066Z] Checked if tokens are valid: true, expires at: 1776406569381
[debug] [2026-04-17T05:26:50.066Z] >>> [apiv2][query] GET https://cloudfunctions.googleapis.com/v1/operations/cHJvamVjdHMvcHNiLWFjYWRlbXktY2hhdC9sb2NhdGlvbnMvZXVyb3BlLXdlc3QxL29wZXJhdGlvbnMvb3BlcmF0aW9uLTE3NzY0MDM2MDU1NDItNjRmYTEzMWUyZDcxYi00MWMxOTQwNy1mODAwN2UwMQ [none]
[debug] [2026-04-17T05:26:50.164Z] <<< [apiv2][status] GET https://cloudfunctions.googleapis.com/v1/operations/cHJvamVjdHMvcHNiLWFjYWRlbXktY2hhdC9sb2NhdGlvbnMvZXVyb3BlLXdlc3QxL29wZXJhdGlvbnMvb3BlcmF0aW9uLTE3NzY0MDM2MDU1NDItNjRmYTEzMWUyZDcxYi00MWMxOTQwNy1mODAwN2UwMQ 200
[debug] [2026-04-17T05:26:50.164Z] <<< [apiv2][body] GET https://cloudfunctions.googleapis.com/v1/operations/cHJvamVjdHMvcHNiLWFjYWRlbXktY2hhdC9sb2NhdGlvbnMvZXVyb3BlLXdlc3QxL29wZXJhdGlvbnMvb3BlcmF0aW9uLTE3NzY0MDM2MDU1NDItNjRmYTEzMWUyZDcxYi00MWMxOTQwNy1mODAwN2UwMQ {"name":"operations/cHJvamVjdHMvcHNiLWFjYWRlbXktY2hhdC9sb2NhdGlvbnMvZXVyb3BlLXdlc3QxL29wZXJhdGlvbnMvb3BlcmF0aW9uLTE3NzY0MDM2MDU1NDItNjRmYTEzMWUyZDcxYi00MWMxOTQwNy1mODAwN2UwMQ","metadata":{"@type":"type.googleapis.com/google.cloud.functions.v1.OperationMetadataV1","target":"projects/psb-academy-chat/locations/europe-west1/functions/notifyChatMessage","type":"CREATE_FUNCTION","request":{"@type":"type.googleapis.com/google.cloud.functions.v1.CloudFunction","name":"projects/psb-academy-chat/locations/europe-west1/functions/notifyChatMessage","eventTrigger":{"eventType":"providers/google.firebase.database/eventTypes/ref.create","resource":"projects/_/instances/psb-academy-chat-default-rtdb/refs/messages/{messageId}","failurePolicy":{}},"entryPoint":"notifyChatMessage","timeout":"60s","availableMemoryMb":256,"updateTime":"1970-01-01T00:00:00Z","labels":{"deployment-tool":"cli-firebase","firebase-functions-hash":"b1927a3e206be9fe01a351e68387d483fe1bd0b3"},"sourceUploadUrl":"https://storage.googleapis.com/uploads-557388512630.europe-west1.cloudfunctions.appspot.com/1b38ca7c-ab6f-4b13-a903-3ecc529f3db7.zip?GoogleAccessId=service-701758501216@gcf-admin-robot.iam.gserviceaccount.com&Expires=1776405404&Signature=eCN2ediLlbP8dxtrxzw8Jypj6L4ytz%2BkXnd1dsIQOOQn0jxvhrd%2FpmfictCRW5SWekT9NVMRpgzAk9aFsRncbaC82f88jjcXQyB0en%2F9IGD3qTlDiWv7ZFs4z7ai%2BXh72jxMDcwgG7eOcpBFaehZGYOo7nFu%2F3pTJYg1rfgqRrlyVA9JmmRkrjxqH7KooSrz9rT6gmcvezRZXwBpfQrhtC9ElVGOQukk9axajj3ygECzyzm6o6g%2FkaTnrrEYgSh00Nom7pErMifrRsAY0%2BXjqyeXwlK3Zn10C9YiC9tfSdbdiKNI1YCjsnxc8O47zX98l4lk2Y8OQOGGISEbxotEUQ%3D%3D","environmentVariables":{"ONESIGNAL_REST_API_KEY":"os_v2_app_2slkvpnyz5grrfdlqiulem4s66lnkhyjke6exymqle22uhrap4pclmvthumktu25pnhxxiyjsf35suppthewowupuc5oqm5yqx4ynji","APP_PUBLIC_URL":"https://psb-academy-chat.web.app/","FIREBASE_CONFIG":"{\"projectId\":\"psb-academy-chat\",\"databaseURL\":\"https://psb-academy-chat-default-rtdb.europe-west1.firebasedatabase.app\",\"storageBucket\":\"psb-academy-chat.firebasestorage.app\"}","GCLOUD_PROJECT":"psb-academy-chat","EVENTARC_CLOUD_EVENT_SOURCE":"projects/psb-academy-chat/locations/europe-west1/functions/notifyChatMessage"},"runtime":"nodejs22","buildEnvironmentVariables":{"GOOGLE_NODE_RUN_SCRIPTS":""},"dockerRegistry":"ARTIFACT_REGISTRY"},"versionId":"1","updateTime":"2026-04-17T05:26:46.093030932Z"}}
[debug] [2026-04-17T05:26:51.796Z] [create-default-europe-west1-webinarReminderPush] Retrying task index 0
[debug] [2026-04-17T05:26:51.796Z] Checked if tokens are valid: true, expires at: 1776406569381
[debug] [2026-04-17T05:26:51.796Z] Checked if tokens are valid: true, expires at: 1776406569381
[debug] [2026-04-17T05:26:51.796Z] >>> [apiv2][query] GET https://cloudfunctions.googleapis.com/v2/projects/psb-academy-chat/locations/europe-west1/operations/operation-1776403605700-64fa131e540c1-c62ea9af-e455e8a7 [none]
[debug] [2026-04-17T05:26:51.912Z] <<< [apiv2][status] GET https://cloudfunctions.googleapis.com/v2/projects/psb-academy-chat/locations/europe-west1/operations/operation-1776403605700-64fa131e540c1-c62ea9af-e455e8a7 200
[debug] [2026-04-17T05:26:51.912Z] <<< [apiv2][body] GET https://cloudfunctions.googleapis.com/v2/projects/psb-academy-chat/locations/europe-west1/operations/operation-1776403605700-64fa131e540c1-c62ea9af-e455e8a7 {"name":"projects/psb-academy-chat/locations/europe-west1/operations/operation-1776403605700-64fa131e540c1-c62ea9af-e455e8a7","metadata":{"@type":"type.googleapis.com/google.cloud.functions.v2.OperationMetadata","createTime":"2026-04-17T05:26:47.794081818Z","target":"projects/psb-academy-chat/locations/europe-west1/functions/webinarReminderPush","verb":"create","cancelRequested":false,"apiVersion":"v2","requestResource":{"@type":"type.googleapis.com/google.cloud.functions.v2.Function","name":"projects/psb-academy-chat/locations/europe-west1/functions/webinarReminderPush","buildConfig":{"runtime":"nodejs22","entryPoint":"webinarReminderPush","source":{"storageSource":{"bucket":"gcf-v2-sources-701758501216-europe-west1","object":"webinarReminderPush/function-source.zip","generation":"1776403607279772"}},"environmentVariables":{"GOOGLE_NODE_RUN_SCRIPTS":""},"serviceAccount":"projects/psb-academy-chat/serviceAccounts/701758501216-compute@developer.gserviceaccount.com","automaticUpdatePolicy":{}},"serviceConfig":{"service":"projects/psb-academy-chat/locations/europe-west1/services/webinarreminderpush","timeoutSeconds":60,"environmentVariables":{"ONESIGNAL_REST_API_KEY":"os_v2_app_2slkvpnyz5grrfdlqiulem4s66lnkhyjke6exymqle22uhrap4pclmvthumktu25pnhxxiyjsf35suppthewowupuc5oqm5yqx4ynji","APP_PUBLIC_URL":"https://psb-academy-chat.web.app/","FIREBASE_CONFIG":"{\"projectId\":\"psb-academy-chat\",\"databaseURL\":\"https://psb-academy-chat-default-rtdb.europe-west1.firebasedatabase.app\",\"storageBucket\":\"psb-academy-chat.firebasestorage.app\"}","GCLOUD_PROJECT":"psb-academy-chat","EVENTARC_CLOUD_EVENT_SOURCE":"projects/psb-academy-chat/locations/europe-west1/services/webinarReminderPush","FUNCTION_TARGET":"webinarReminderPush","LOG_EXECUTION_ID":"true"},"ingressSettings":"ALLOW_ALL","serviceAccountEmail":"701758501216-compute@developer.gserviceaccount.com","availableMemory":"256Mi","maxInstanceRequestConcurrency":80,"availableCpu":"1"},"labels":{"deployment-tool":"cli-firebase","deployment-scheduled":"true","firebase-functions-hash":"8bec1a628b3ad49ae197152cfe4d73841c50ecfb"},"environment":"GEN_2"},"stages":[{"name":"BUILD","state":"NOT_STARTED"},{"name":"SERVICE","state":"NOT_STARTED"}],"operationType":"CREATE_FUNCTION"},"done":false}
[debug] [2026-04-17T05:26:54.165Z] [create-default-europe-west1-notifyChatMessage] Retrying task index 0
[debug] [2026-04-17T05:26:54.166Z] Checked if tokens are valid: true, expires at: 1776406569381
[debug] [2026-04-17T05:26:54.166Z] Checked if tokens are valid: true, expires at: 1776406569381
[debug] [2026-04-17T05:26:54.166Z] >>> [apiv2][query] GET https://cloudfunctions.googleapis.com/v1/operations/cHJvamVjdHMvcHNiLWFjYWRlbXktY2hhdC9sb2NhdGlvbnMvZXVyb3BlLXdlc3QxL29wZXJhdGlvbnMvb3BlcmF0aW9uLTE3NzY0MDM2MDU1NDItNjRmYTEzMWUyZDcxYi00MWMxOTQwNy1mODAwN2UwMQ [none]
[debug] [2026-04-17T05:26:54.308Z] <<< [apiv2][status] GET https://cloudfunctions.googleapis.com/v1/operations/cHJvamVjdHMvcHNiLWFjYWRlbXktY2hhdC9sb2NhdGlvbnMvZXVyb3BlLXdlc3QxL29wZXJhdGlvbnMvb3BlcmF0aW9uLTE3NzY0MDM2MDU1NDItNjRmYTEzMWUyZDcxYi00MWMxOTQwNy1mODAwN2UwMQ 200
[debug] [2026-04-17T05:26:54.309Z] <<< [apiv2][body] GET https://cloudfunctions.googleapis.com/v1/operations/cHJvamVjdHMvcHNiLWFjYWRlbXktY2hhdC9sb2NhdGlvbnMvZXVyb3BlLXdlc3QxL29wZXJhdGlvbnMvb3BlcmF0aW9uLTE3NzY0MDM2MDU1NDItNjRmYTEzMWUyZDcxYi00MWMxOTQwNy1mODAwN2UwMQ {"name":"operations/cHJvamVjdHMvcHNiLWFjYWRlbXktY2hhdC9sb2NhdGlvbnMvZXVyb3BlLXdlc3QxL29wZXJhdGlvbnMvb3BlcmF0aW9uLTE3NzY0MDM2MDU1NDItNjRmYTEzMWUyZDcxYi00MWMxOTQwNy1mODAwN2UwMQ","metadata":{"@type":"type.googleapis.com/google.cloud.functions.v1.OperationMetadataV1","target":"projects/psb-academy-chat/locations/europe-west1/functions/notifyChatMessage","type":"CREATE_FUNCTION","request":{"@type":"type.googleapis.com/google.cloud.functions.v1.CloudFunction","name":"projects/psb-academy-chat/locations/europe-west1/functions/notifyChatMessage","eventTrigger":{"eventType":"providers/google.firebase.database/eventTypes/ref.create","resource":"projects/_/instances/psb-academy-chat-default-rtdb/refs/messages/{messageId}","failurePolicy":{}},"entryPoint":"notifyChatMessage","timeout":"60s","availableMemoryMb":256,"updateTime":"1970-01-01T00:00:00Z","labels":{"deployment-tool":"cli-firebase","firebase-functions-hash":"b1927a3e206be9fe01a351e68387d483fe1bd0b3"},"sourceUploadUrl":"https://storage.googleapis.com/uploads-557388512630.europe-west1.cloudfunctions.appspot.com/1b38ca7c-ab6f-4b13-a903-3ecc529f3db7.zip?GoogleAccessId=service-701758501216@gcf-admin-robot.iam.gserviceaccount.com&Expires=1776405404&Signature=eCN2ediLlbP8dxtrxzw8Jypj6L4ytz%2BkXnd1dsIQOOQn0jxvhrd%2FpmfictCRW5SWekT9NVMRpgzAk9aFsRncbaC82f88jjcXQyB0en%2F9IGD3qTlDiWv7ZFs4z7ai%2BXh72jxMDcwgG7eOcpBFaehZGYOo7nFu%2F3pTJYg1rfgqRrlyVA9JmmRkrjxqH7KooSrz9rT6gmcvezRZXwBpfQrhtC9ElVGOQukk9axajj3ygECzyzm6o6g%2FkaTnrrEYgSh00Nom7pErMifrRsAY0%2BXjqyeXwlK3Zn10C9YiC9tfSdbdiKNI1YCjsnxc8O47zX98l4lk2Y8OQOGGISEbxotEUQ%3D%3D","environmentVariables":{"ONESIGNAL_REST_API_KEY":"os_v2_app_2slkvpnyz5grrfdlqiulem4s66lnkhyjke6exymqle22uhrap4pclmvthumktu25pnhxxiyjsf35suppthewowupuc5oqm5yqx4ynji","APP_PUBLIC_URL":"https://psb-academy-chat.web.app/","FIREBASE_CONFIG":"{\"projectId\":\"psb-academy-chat\",\"databaseURL\":\"https://psb-academy-chat-default-rtdb.europe-west1.firebasedatabase.app\",\"storageBucket\":\"psb-academy-chat.firebasestorage.app\"}","GCLOUD_PROJECT":"psb-academy-chat","EVENTARC_CLOUD_EVENT_SOURCE":"projects/psb-academy-chat/locations/europe-west1/functions/notifyChatMessage"},"runtime":"nodejs22","buildEnvironmentVariables":{"GOOGLE_NODE_RUN_SCRIPTS":""},"dockerRegistry":"ARTIFACT_REGISTRY"},"versionId":"1","updateTime":"2026-04-17T05:26:46.093030932Z","buildId":"d06e6597-29a6-4c7e-8a23-5890fede5cdc","buildName":"projects/701758501216/locations/europe-west1/builds/d06e6597-29a6-4c7e-8a23-5890fede5cdc"}}
[debug] [2026-04-17T05:26:55.913Z] [create-default-europe-west1-webinarReminderPush] Retrying task index 0
[debug] [2026-04-17T05:26:55.914Z] Checked if tokens are valid: true, expires at: 1776406569381
[debug] [2026-04-17T05:26:55.914Z] Checked if tokens are valid: true, expires at: 1776406569381
[debug] [2026-04-17T05:26:55.914Z] >>> [apiv2][query] GET https://cloudfunctions.googleapis.com/v2/projects/psb-academy-chat/locations/europe-west1/operations/operation-1776403605700-64fa131e540c1-c62ea9af-e455e8a7 [none]
[debug] [2026-04-17T05:26:56.052Z] <<< [apiv2][status] GET https://cloudfunctions.googleapis.com/v2/projects/psb-academy-chat/locations/europe-west1/operations/operation-1776403605700-64fa131e540c1-c62ea9af-e455e8a7 200
[debug] [2026-04-17T05:26:56.052Z] <<< [apiv2][body] GET https://cloudfunctions.googleapis.com/v2/projects/psb-academy-chat/locations/europe-west1/operations/operation-1776403605700-64fa131e540c1-c62ea9af-e455e8a7 {"name":"projects/psb-academy-chat/locations/europe-west1/operations/operation-1776403605700-64fa131e540c1-c62ea9af-e455e8a7","metadata":{"@type":"type.googleapis.com/google.cloud.functions.v2.OperationMetadata","createTime":"2026-04-17T05:26:47.794081818Z","target":"projects/psb-academy-chat/locations/europe-west1/functions/webinarReminderPush","verb":"create","cancelRequested":false,"apiVersion":"v2","requestResource":{"@type":"type.googleapis.com/google.cloud.functions.v2.Function","name":"projects/psb-academy-chat/locations/europe-west1/functions/webinarReminderPush","buildConfig":{"runtime":"nodejs22","entryPoint":"webinarReminderPush","source":{"storageSource":{"bucket":"gcf-v2-sources-701758501216-europe-west1","object":"webinarReminderPush/function-source.zip","generation":"1776403607279772"}},"environmentVariables":{"GOOGLE_NODE_RUN_SCRIPTS":""},"serviceAccount":"projects/psb-academy-chat/serviceAccounts/701758501216-compute@developer.gserviceaccount.com","automaticUpdatePolicy":{}},"serviceConfig":{"service":"projects/psb-academy-chat/locations/europe-west1/services/webinarreminderpush","timeoutSeconds":60,"environmentVariables":{"ONESIGNAL_REST_API_KEY":"os_v2_app_2slkvpnyz5grrfdlqiulem4s66lnkhyjke6exymqle22uhrap4pclmvthumktu25pnhxxiyjsf35suppthewowupuc5oqm5yqx4ynji","APP_PUBLIC_URL":"https://psb-academy-chat.web.app/","FIREBASE_CONFIG":"{\"projectId\":\"psb-academy-chat\",\"databaseURL\":\"https://psb-academy-chat-default-rtdb.europe-west1.firebasedatabase.app\",\"storageBucket\":\"psb-academy-chat.firebasestorage.app\"}","GCLOUD_PROJECT":"psb-academy-chat","EVENTARC_CLOUD_EVENT_SOURCE":"projects/psb-academy-chat/locations/europe-west1/services/webinarReminderPush","FUNCTION_TARGET":"webinarReminderPush","LOG_EXECUTION_ID":"true"},"ingressSettings":"ALLOW_ALL","serviceAccountEmail":"701758501216-compute@developer.gserviceaccount.com","availableMemory":"256Mi","maxInstanceRequestConcurrency":80,"availableCpu":"1"},"labels":{"deployment-tool":"cli-firebase","deployment-scheduled":"true","firebase-functions-hash":"8bec1a628b3ad49ae197152cfe4d73841c50ecfb"},"environment":"GEN_2"},"stages":[{"name":"BUILD","state":"NOT_STARTED"},{"name":"SERVICE","state":"NOT_STARTED"}],"operationType":"CREATE_FUNCTION"},"done":false}
[debug] [2026-04-17T05:27:02.310Z] [create-default-europe-west1-notifyChatMessage] Retrying task index 0
[debug] [2026-04-17T05:27:02.311Z] Checked if tokens are valid: true, expires at: 1776406569381
[debug] [2026-04-17T05:27:02.311Z] Checked if tokens are valid: true, expires at: 1776406569381
[debug] [2026-04-17T05:27:02.311Z] >>> [apiv2][query] GET https://cloudfunctions.googleapis.com/v1/operations/cHJvamVjdHMvcHNiLWFjYWRlbXktY2hhdC9sb2NhdGlvbnMvZXVyb3BlLXdlc3QxL29wZXJhdGlvbnMvb3BlcmF0aW9uLTE3NzY0MDM2MDU1NDItNjRmYTEzMWUyZDcxYi00MWMxOTQwNy1mODAwN2UwMQ [none]
[debug] [2026-04-17T05:27:02.480Z] <<< [apiv2][status] GET https://cloudfunctions.googleapis.com/v1/operations/cHJvamVjdHMvcHNiLWFjYWRlbXktY2hhdC9sb2NhdGlvbnMvZXVyb3BlLXdlc3QxL29wZXJhdGlvbnMvb3BlcmF0aW9uLTE3NzY0MDM2MDU1NDItNjRmYTEzMWUyZDcxYi00MWMxOTQwNy1mODAwN2UwMQ 200
[debug] [2026-04-17T05:27:02.481Z] <<< [apiv2][body] GET https://cloudfunctions.googleapis.com/v1/operations/cHJvamVjdHMvcHNiLWFjYWRlbXktY2hhdC9sb2NhdGlvbnMvZXVyb3BlLXdlc3QxL29wZXJhdGlvbnMvb3BlcmF0aW9uLTE3NzY0MDM2MDU1NDItNjRmYTEzMWUyZDcxYi00MWMxOTQwNy1mODAwN2UwMQ {"name":"operations/cHJvamVjdHMvcHNiLWFjYWRlbXktY2hhdC9sb2NhdGlvbnMvZXVyb3BlLXdlc3QxL29wZXJhdGlvbnMvb3BlcmF0aW9uLTE3NzY0MDM2MDU1NDItNjRmYTEzMWUyZDcxYi00MWMxOTQwNy1mODAwN2UwMQ","metadata":{"@type":"type.googleapis.com/google.cloud.functions.v1.OperationMetadataV1","target":"projects/psb-academy-chat/locations/europe-west1/functions/notifyChatMessage","type":"CREATE_FUNCTION","request":{"@type":"type.googleapis.com/google.cloud.functions.v1.CloudFunction","name":"projects/psb-academy-chat/locations/europe-west1/functions/notifyChatMessage","eventTrigger":{"eventType":"providers/google.firebase.database/eventTypes/ref.create","resource":"projects/_/instances/psb-academy-chat-default-rtdb/refs/messages/{messageId}","failurePolicy":{}},"entryPoint":"notifyChatMessage","timeout":"60s","availableMemoryMb":256,"updateTime":"1970-01-01T00:00:00Z","labels":{"deployment-tool":"cli-firebase","firebase-functions-hash":"b1927a3e206be9fe01a351e68387d483fe1bd0b3"},"sourceUploadUrl":"https://storage.googleapis.com/uploads-557388512630.europe-west1.cloudfunctions.appspot.com/1b38ca7c-ab6f-4b13-a903-3ecc529f3db7.zip?GoogleAccessId=service-701758501216@gcf-admin-robot.iam.gserviceaccount.com&Expires=1776405404&Signature=eCN2ediLlbP8dxtrxzw8Jypj6L4ytz%2BkXnd1dsIQOOQn0jxvhrd%2FpmfictCRW5SWekT9NVMRpgzAk9aFsRncbaC82f88jjcXQyB0en%2F9IGD3qTlDiWv7ZFs4z7ai%2BXh72jxMDcwgG7eOcpBFaehZGYOo7nFu%2F3pTJYg1rfgqRrlyVA9JmmRkrjxqH7KooSrz9rT6gmcvezRZXwBpfQrhtC9ElVGOQukk9axajj3ygECzyzm6o6g%2FkaTnrrEYgSh00Nom7pErMifrRsAY0%2BXjqyeXwlK3Zn10C9YiC9tfSdbdiKNI1YCjsnxc8O47zX98l4lk2Y8OQOGGISEbxotEUQ%3D%3D","environmentVariables":{"ONESIGNAL_REST_API_KEY":"os_v2_app_2slkvpnyz5grrfdlqiulem4s66lnkhyjke6exymqle22uhrap4pclmvthumktu25pnhxxiyjsf35suppthewowupuc5oqm5yqx4ynji","APP_PUBLIC_URL":"https://psb-academy-chat.web.app/","FIREBASE_CONFIG":"{\"projectId\":\"psb-academy-chat\",\"databaseURL\":\"https://psb-academy-chat-default-rtdb.europe-west1.firebasedatabase.app\",\"storageBucket\":\"psb-academy-chat.firebasestorage.app\"}","GCLOUD_PROJECT":"psb-academy-chat","EVENTARC_CLOUD_EVENT_SOURCE":"projects/psb-academy-chat/locations/europe-west1/functions/notifyChatMessage"},"runtime":"nodejs22","buildEnvironmentVariables":{"GOOGLE_NODE_RUN_SCRIPTS":""},"dockerRegistry":"ARTIFACT_REGISTRY"},"versionId":"1","updateTime":"2026-04-17T05:26:46.093030932Z","buildId":"d06e6597-29a6-4c7e-8a23-5890fede5cdc","buildName":"projects/701758501216/locations/europe-west1/builds/d06e6597-29a6-4c7e-8a23-5890fede5cdc"}}
[debug] [2026-04-17T05:27:04.053Z] [create-default-europe-west1-webinarReminderPush] Retrying task index 0
[debug] [2026-04-17T05:27:04.054Z] Checked if tokens are valid: true, expires at: 1776406569381
[debug] [2026-04-17T05:27:04.054Z] Checked if tokens are valid: true, expires at: 1776406569381
[debug] [2026-04-17T05:27:04.054Z] >>> [apiv2][query] GET https://cloudfunctions.googleapis.com/v2/projects/psb-academy-chat/locations/europe-west1/operations/operation-1776403605700-64fa131e540c1-c62ea9af-e455e8a7 [none]
[debug] [2026-04-17T05:27:04.187Z] <<< [apiv2][status] GET https://cloudfunctions.googleapis.com/v2/projects/psb-academy-chat/locations/europe-west1/operations/operation-1776403605700-64fa131e540c1-c62ea9af-e455e8a7 200
[debug] [2026-04-17T05:27:04.188Z] <<< [apiv2][body] GET https://cloudfunctions.googleapis.com/v2/projects/psb-academy-chat/locations/europe-west1/operations/operation-1776403605700-64fa131e540c1-c62ea9af-e455e8a7 {"name":"projects/psb-academy-chat/locations/europe-west1/operations/operation-1776403605700-64fa131e540c1-c62ea9af-e455e8a7","metadata":{"@type":"type.googleapis.com/google.cloud.functions.v2.OperationMetadata","createTime":"2026-04-17T05:26:47.794081818Z","target":"projects/psb-academy-chat/locations/europe-west1/functions/webinarReminderPush","verb":"create","cancelRequested":false,"apiVersion":"v2","requestResource":{"@type":"type.googleapis.com/google.cloud.functions.v2.Function","name":"projects/psb-academy-chat/locations/europe-west1/functions/webinarReminderPush","buildConfig":{"runtime":"nodejs22","entryPoint":"webinarReminderPush","source":{"storageSource":{"bucket":"gcf-v2-sources-701758501216-europe-west1","object":"webinarReminderPush/function-source.zip","generation":"1776403607279772"}},"environmentVariables":{"GOOGLE_NODE_RUN_SCRIPTS":""},"serviceAccount":"projects/psb-academy-chat/serviceAccounts/701758501216-compute@developer.gserviceaccount.com","automaticUpdatePolicy":{}},"serviceConfig":{"service":"projects/psb-academy-chat/locations/europe-west1/services/webinarreminderpush","timeoutSeconds":60,"environmentVariables":{"ONESIGNAL_REST_API_KEY":"os_v2_app_2slkvpnyz5grrfdlqiulem4s66lnkhyjke6exymqle22uhrap4pclmvthumktu25pnhxxiyjsf35suppthewowupuc5oqm5yqx4ynji","APP_PUBLIC_URL":"https://psb-academy-chat.web.app/","FIREBASE_CONFIG":"{\"projectId\":\"psb-academy-chat\",\"databaseURL\":\"https://psb-academy-chat-default-rtdb.europe-west1.firebasedatabase.app\",\"storageBucket\":\"psb-academy-chat.firebasestorage.app\"}","GCLOUD_PROJECT":"psb-academy-chat","EVENTARC_CLOUD_EVENT_SOURCE":"projects/psb-academy-chat/locations/europe-west1/services/webinarReminderPush","FUNCTION_TARGET":"webinarReminderPush","LOG_EXECUTION_ID":"true"},"ingressSettings":"ALLOW_ALL","serviceAccountEmail":"701758501216-compute@developer.gserviceaccount.com","availableMemory":"256Mi","maxInstanceRequestConcurrency":80,"availableCpu":"1"},"labels":{"deployment-tool":"cli-firebase","deployment-scheduled":"true","firebase-functions-hash":"8bec1a628b3ad49ae197152cfe4d73841c50ecfb"},"environment":"GEN_2"},"stages":[{"name":"BUILD","message":"Build in progress","state":"IN_PROGRESS","resource":"projects/701758501216/locations/europe-west1/builds/5ede2f2c-dee7-4b6e-a2c8-b5698ed1831b","resourceUri":"https://console.cloud.google.com/cloud-build/builds;region=europe-west1/5ede2f2c-dee7-4b6e-a2c8-b5698ed1831b?project=701758501216"},{"name":"SERVICE","state":"NOT_STARTED"}],"operationType":"CREATE_FUNCTION","buildName":"projects/701758501216/locations/europe-west1/builds/5ede2f2c-dee7-4b6e-a2c8-b5698ed1831b"},"done":false}
[debug] [2026-04-17T05:27:12.482Z] [create-default-europe-west1-notifyChatMessage] Retrying task index 0
[debug] [2026-04-17T05:27:12.482Z] Checked if tokens are valid: true, expires at: 1776406569381
[debug] [2026-04-17T05:27:12.482Z] Checked if tokens are valid: true, expires at: 1776406569381
[debug] [2026-04-17T05:27:12.482Z] >>> [apiv2][query] GET https://cloudfunctions.googleapis.com/v1/operations/cHJvamVjdHMvcHNiLWFjYWRlbXktY2hhdC9sb2NhdGlvbnMvZXVyb3BlLXdlc3QxL29wZXJhdGlvbnMvb3BlcmF0aW9uLTE3NzY0MDM2MDU1NDItNjRmYTEzMWUyZDcxYi00MWMxOTQwNy1mODAwN2UwMQ [none]
[debug] [2026-04-17T05:27:12.704Z] <<< [apiv2][status] GET https://cloudfunctions.googleapis.com/v1/operations/cHJvamVjdHMvcHNiLWFjYWRlbXktY2hhdC9sb2NhdGlvbnMvZXVyb3BlLXdlc3QxL29wZXJhdGlvbnMvb3BlcmF0aW9uLTE3NzY0MDM2MDU1NDItNjRmYTEzMWUyZDcxYi00MWMxOTQwNy1mODAwN2UwMQ 200
[debug] [2026-04-17T05:27:12.704Z] <<< [apiv2][body] GET https://cloudfunctions.googleapis.com/v1/operations/cHJvamVjdHMvcHNiLWFjYWRlbXktY2hhdC9sb2NhdGlvbnMvZXVyb3BlLXdlc3QxL29wZXJhdGlvbnMvb3BlcmF0aW9uLTE3NzY0MDM2MDU1NDItNjRmYTEzMWUyZDcxYi00MWMxOTQwNy1mODAwN2UwMQ {"name":"operations/cHJvamVjdHMvcHNiLWFjYWRlbXktY2hhdC9sb2NhdGlvbnMvZXVyb3BlLXdlc3QxL29wZXJhdGlvbnMvb3BlcmF0aW9uLTE3NzY0MDM2MDU1NDItNjRmYTEzMWUyZDcxYi00MWMxOTQwNy1mODAwN2UwMQ","metadata":{"@type":"type.googleapis.com/google.cloud.functions.v1.OperationMetadataV1","target":"projects/psb-academy-chat/locations/europe-west1/functions/notifyChatMessage","type":"CREATE_FUNCTION","request":{"@type":"type.googleapis.com/google.cloud.functions.v1.CloudFunction","name":"projects/psb-academy-chat/locations/europe-west1/functions/notifyChatMessage","eventTrigger":{"eventType":"providers/google.firebase.database/eventTypes/ref.create","resource":"projects/_/instances/psb-academy-chat-default-rtdb/refs/messages/{messageId}","failurePolicy":{}},"entryPoint":"notifyChatMessage","timeout":"60s","availableMemoryMb":256,"updateTime":"1970-01-01T00:00:00Z","labels":{"deployment-tool":"cli-firebase","firebase-functions-hash":"b1927a3e206be9fe01a351e68387d483fe1bd0b3"},"sourceUploadUrl":"https://storage.googleapis.com/uploads-557388512630.europe-west1.cloudfunctions.appspot.com/1b38ca7c-ab6f-4b13-a903-3ecc529f3db7.zip?GoogleAccessId=service-701758501216@gcf-admin-robot.iam.gserviceaccount.com&Expires=1776405404&Signature=eCN2ediLlbP8dxtrxzw8Jypj6L4ytz%2BkXnd1dsIQOOQn0jxvhrd%2FpmfictCRW5SWekT9NVMRpgzAk9aFsRncbaC82f88jjcXQyB0en%2F9IGD3qTlDiWv7ZFs4z7ai%2BXh72jxMDcwgG7eOcpBFaehZGYOo7nFu%2F3pTJYg1rfgqRrlyVA9JmmRkrjxqH7KooSrz9rT6gmcvezRZXwBpfQrhtC9ElVGOQukk9axajj3ygECzyzm6o6g%2FkaTnrrEYgSh00Nom7pErMifrRsAY0%2BXjqyeXwlK3Zn10C9YiC9tfSdbdiKNI1YCjsnxc8O47zX98l4lk2Y8OQOGGISEbxotEUQ%3D%3D","environmentVariables":{"ONESIGNAL_REST_API_KEY":"os_v2_app_2slkvpnyz5grrfdlqiulem4s66lnkhyjke6exymqle22uhrap4pclmvthumktu25pnhxxiyjsf35suppthewowupuc5oqm5yqx4ynji","APP_PUBLIC_URL":"https://psb-academy-chat.web.app/","FIREBASE_CONFIG":"{\"projectId\":\"psb-academy-chat\",\"databaseURL\":\"https://psb-academy-chat-default-rtdb.europe-west1.firebasedatabase.app\",\"storageBucket\":\"psb-academy-chat.firebasestorage.app\"}","GCLOUD_PROJECT":"psb-academy-chat","EVENTARC_CLOUD_EVENT_SOURCE":"projects/psb-academy-chat/locations/europe-west1/functions/notifyChatMessage"},"runtime":"nodejs22","buildEnvironmentVariables":{"GOOGLE_NODE_RUN_SCRIPTS":""},"dockerRegistry":"ARTIFACT_REGISTRY"},"versionId":"1","updateTime":"2026-04-17T05:26:46.093030932Z","buildId":"d06e6597-29a6-4c7e-8a23-5890fede5cdc","buildName":"projects/701758501216/locations/europe-west1/builds/d06e6597-29a6-4c7e-8a23-5890fede5cdc"}}
[debug] [2026-04-17T05:27:14.189Z] [create-default-europe-west1-webinarReminderPush] Retrying task index 0
[debug] [2026-04-17T05:27:14.189Z] Checked if tokens are valid: true, expires at: 1776406569381
[debug] [2026-04-17T05:27:14.189Z] Checked if tokens are valid: true, expires at: 1776406569381
[debug] [2026-04-17T05:27:14.189Z] >>> [apiv2][query] GET https://cloudfunctions.googleapis.com/v2/projects/psb-academy-chat/locations/europe-west1/operations/operation-1776403605700-64fa131e540c1-c62ea9af-e455e8a7 [none]
[debug] [2026-04-17T05:27:14.330Z] <<< [apiv2][status] GET https://cloudfunctions.googleapis.com/v2/projects/psb-academy-chat/locations/europe-west1/operations/operation-1776403605700-64fa131e540c1-c62ea9af-e455e8a7 200
[debug] [2026-04-17T05:27:14.331Z] <<< [apiv2][body] GET https://cloudfunctions.googleapis.com/v2/projects/psb-academy-chat/locations/europe-west1/operations/operation-1776403605700-64fa131e540c1-c62ea9af-e455e8a7 {"name":"projects/psb-academy-chat/locations/europe-west1/operations/operation-1776403605700-64fa131e540c1-c62ea9af-e455e8a7","metadata":{"@type":"type.googleapis.com/google.cloud.functions.v2.OperationMetadata","createTime":"2026-04-17T05:26:47.794081818Z","target":"projects/psb-academy-chat/locations/europe-west1/functions/webinarReminderPush","verb":"create","cancelRequested":false,"apiVersion":"v2","requestResource":{"@type":"type.googleapis.com/google.cloud.functions.v2.Function","name":"projects/psb-academy-chat/locations/europe-west1/functions/webinarReminderPush","buildConfig":{"runtime":"nodejs22","entryPoint":"webinarReminderPush","source":{"storageSource":{"bucket":"gcf-v2-sources-701758501216-europe-west1","object":"webinarReminderPush/function-source.zip","generation":"1776403607279772"}},"environmentVariables":{"GOOGLE_NODE_RUN_SCRIPTS":""},"serviceAccount":"projects/psb-academy-chat/serviceAccounts/701758501216-compute@developer.gserviceaccount.com","automaticUpdatePolicy":{}},"serviceConfig":{"service":"projects/psb-academy-chat/locations/europe-west1/services/webinarreminderpush","timeoutSeconds":60,"environmentVariables":{"ONESIGNAL_REST_API_KEY":"os_v2_app_2slkvpnyz5grrfdlqiulem4s66lnkhyjke6exymqle22uhrap4pclmvthumktu25pnhxxiyjsf35suppthewowupuc5oqm5yqx4ynji","APP_PUBLIC_URL":"https://psb-academy-chat.web.app/","FIREBASE_CONFIG":"{\"projectId\":\"psb-academy-chat\",\"databaseURL\":\"https://psb-academy-chat-default-rtdb.europe-west1.firebasedatabase.app\",\"storageBucket\":\"psb-academy-chat.firebasestorage.app\"}","GCLOUD_PROJECT":"psb-academy-chat","EVENTARC_CLOUD_EVENT_SOURCE":"projects/psb-academy-chat/locations/europe-west1/services/webinarReminderPush","FUNCTION_TARGET":"webinarReminderPush","LOG_EXECUTION_ID":"true"},"ingressSettings":"ALLOW_ALL","serviceAccountEmail":"701758501216-compute@developer.gserviceaccount.com","availableMemory":"256Mi","maxInstanceRequestConcurrency":80,"availableCpu":"1"},"labels":{"deployment-tool":"cli-firebase","deployment-scheduled":"true","firebase-functions-hash":"8bec1a628b3ad49ae197152cfe4d73841c50ecfb"},"environment":"GEN_2"},"stages":[{"name":"BUILD","message":"Build in progress","state":"IN_PROGRESS","resource":"projects/701758501216/locations/europe-west1/builds/5ede2f2c-dee7-4b6e-a2c8-b5698ed1831b","resourceUri":"https://console.cloud.google.com/cloud-build/builds;region=europe-west1/5ede2f2c-dee7-4b6e-a2c8-b5698ed1831b?project=701758501216"},{"name":"SERVICE","state":"NOT_STARTED"}],"operationType":"CREATE_FUNCTION","buildName":"projects/701758501216/locations/europe-west1/builds/5ede2f2c-dee7-4b6e-a2c8-b5698ed1831b"},"done":false}
[debug] [2026-04-17T05:27:22.706Z] [create-default-europe-west1-notifyChatMessage] Retrying task index 0
[debug] [2026-04-17T05:27:22.706Z] Checked if tokens are valid: true, expires at: 1776406569381
[debug] [2026-04-17T05:27:22.706Z] Checked if tokens are valid: true, expires at: 1776406569381
[debug] [2026-04-17T05:27:22.707Z] >>> [apiv2][query] GET https://cloudfunctions.googleapis.com/v1/operations/cHJvamVjdHMvcHNiLWFjYWRlbXktY2hhdC9sb2NhdGlvbnMvZXVyb3BlLXdlc3QxL29wZXJhdGlvbnMvb3BlcmF0aW9uLTE3NzY0MDM2MDU1NDItNjRmYTEzMWUyZDcxYi00MWMxOTQwNy1mODAwN2UwMQ [none]
[debug] [2026-04-17T05:27:22.848Z] <<< [apiv2][status] GET https://cloudfunctions.googleapis.com/v1/operations/cHJvamVjdHMvcHNiLWFjYWRlbXktY2hhdC9sb2NhdGlvbnMvZXVyb3BlLXdlc3QxL29wZXJhdGlvbnMvb3BlcmF0aW9uLTE3NzY0MDM2MDU1NDItNjRmYTEzMWUyZDcxYi00MWMxOTQwNy1mODAwN2UwMQ 200
[debug] [2026-04-17T05:27:22.848Z] <<< [apiv2][body] GET https://cloudfunctions.googleapis.com/v1/operations/cHJvamVjdHMvcHNiLWFjYWRlbXktY2hhdC9sb2NhdGlvbnMvZXVyb3BlLXdlc3QxL29wZXJhdGlvbnMvb3BlcmF0aW9uLTE3NzY0MDM2MDU1NDItNjRmYTEzMWUyZDcxYi00MWMxOTQwNy1mODAwN2UwMQ {"name":"operations/cHJvamVjdHMvcHNiLWFjYWRlbXktY2hhdC9sb2NhdGlvbnMvZXVyb3BlLXdlc3QxL29wZXJhdGlvbnMvb3BlcmF0aW9uLTE3NzY0MDM2MDU1NDItNjRmYTEzMWUyZDcxYi00MWMxOTQwNy1mODAwN2UwMQ","metadata":{"@type":"type.googleapis.com/google.cloud.functions.v1.OperationMetadataV1","target":"projects/psb-academy-chat/locations/europe-west1/functions/notifyChatMessage","type":"CREATE_FUNCTION","request":{"@type":"type.googleapis.com/google.cloud.functions.v1.CloudFunction","name":"projects/psb-academy-chat/locations/europe-west1/functions/notifyChatMessage","eventTrigger":{"eventType":"providers/google.firebase.database/eventTypes/ref.create","resource":"projects/_/instances/psb-academy-chat-default-rtdb/refs/messages/{messageId}","failurePolicy":{}},"entryPoint":"notifyChatMessage","timeout":"60s","availableMemoryMb":256,"updateTime":"1970-01-01T00:00:00Z","labels":{"deployment-tool":"cli-firebase","firebase-functions-hash":"b1927a3e206be9fe01a351e68387d483fe1bd0b3"},"sourceUploadUrl":"https://storage.googleapis.com/uploads-557388512630.europe-west1.cloudfunctions.appspot.com/1b38ca7c-ab6f-4b13-a903-3ecc529f3db7.zip?GoogleAccessId=service-701758501216@gcf-admin-robot.iam.gserviceaccount.com&Expires=1776405404&Signature=eCN2ediLlbP8dxtrxzw8Jypj6L4ytz%2BkXnd1dsIQOOQn0jxvhrd%2FpmfictCRW5SWekT9NVMRpgzAk9aFsRncbaC82f88jjcXQyB0en%2F9IGD3qTlDiWv7ZFs4z7ai%2BXh72jxMDcwgG7eOcpBFaehZGYOo7nFu%2F3pTJYg1rfgqRrlyVA9JmmRkrjxqH7KooSrz9rT6gmcvezRZXwBpfQrhtC9ElVGOQukk9axajj3ygECzyzm6o6g%2FkaTnrrEYgSh00Nom7pErMifrRsAY0%2BXjqyeXwlK3Zn10C9YiC9tfSdbdiKNI1YCjsnxc8O47zX98l4lk2Y8OQOGGISEbxotEUQ%3D%3D","environmentVariables":{"ONESIGNAL_REST_API_KEY":"os_v2_app_2slkvpnyz5grrfdlqiulem4s66lnkhyjke6exymqle22uhrap4pclmvthumktu25pnhxxiyjsf35suppthewowupuc5oqm5yqx4ynji","APP_PUBLIC_URL":"https://psb-academy-chat.web.app/","FIREBASE_CONFIG":"{\"projectId\":\"psb-academy-chat\",\"databaseURL\":\"https://psb-academy-chat-default-rtdb.europe-west1.firebasedatabase.app\",\"storageBucket\":\"psb-academy-chat.firebasestorage.app\"}","GCLOUD_PROJECT":"psb-academy-chat","EVENTARC_CLOUD_EVENT_SOURCE":"projects/psb-academy-chat/locations/europe-west1/functions/notifyChatMessage"},"runtime":"nodejs22","buildEnvironmentVariables":{"GOOGLE_NODE_RUN_SCRIPTS":""},"dockerRegistry":"ARTIFACT_REGISTRY"},"versionId":"1","updateTime":"2026-04-17T05:26:46.093030932Z","buildId":"d06e6597-29a6-4c7e-8a23-5890fede5cdc","buildName":"projects/701758501216/locations/europe-west1/builds/d06e6597-29a6-4c7e-8a23-5890fede5cdc"}}
[debug] [2026-04-17T05:27:24.332Z] [create-default-europe-west1-webinarReminderPush] Retrying task index 0
[debug] [2026-04-17T05:27:24.332Z] Checked if tokens are valid: true, expires at: 1776406569381
[debug] [2026-04-17T05:27:24.333Z] Checked if tokens are valid: true, expires at: 1776406569381
[debug] [2026-04-17T05:27:24.333Z] >>> [apiv2][query] GET https://cloudfunctions.googleapis.com/v2/projects/psb-academy-chat/locations/europe-west1/operations/operation-1776403605700-64fa131e540c1-c62ea9af-e455e8a7 [none]
[debug] [2026-04-17T05:27:24.473Z] <<< [apiv2][status] GET https://cloudfunctions.googleapis.com/v2/projects/psb-academy-chat/locations/europe-west1/operations/operation-1776403605700-64fa131e540c1-c62ea9af-e455e8a7 200
[debug] [2026-04-17T05:27:24.473Z] <<< [apiv2][body] GET https://cloudfunctions.googleapis.com/v2/projects/psb-academy-chat/locations/europe-west1/operations/operation-1776403605700-64fa131e540c1-c62ea9af-e455e8a7 {"name":"projects/psb-academy-chat/locations/europe-west1/operations/operation-1776403605700-64fa131e540c1-c62ea9af-e455e8a7","metadata":{"@type":"type.googleapis.com/google.cloud.functions.v2.OperationMetadata","createTime":"2026-04-17T05:26:47.794081818Z","target":"projects/psb-academy-chat/locations/europe-west1/functions/webinarReminderPush","verb":"create","cancelRequested":false,"apiVersion":"v2","requestResource":{"@type":"type.googleapis.com/google.cloud.functions.v2.Function","name":"projects/psb-academy-chat/locations/europe-west1/functions/webinarReminderPush","buildConfig":{"runtime":"nodejs22","entryPoint":"webinarReminderPush","source":{"storageSource":{"bucket":"gcf-v2-sources-701758501216-europe-west1","object":"webinarReminderPush/function-source.zip","generation":"1776403607279772"}},"environmentVariables":{"GOOGLE_NODE_RUN_SCRIPTS":""},"serviceAccount":"projects/psb-academy-chat/serviceAccounts/701758501216-compute@developer.gserviceaccount.com","automaticUpdatePolicy":{}},"serviceConfig":{"service":"projects/psb-academy-chat/locations/europe-west1/services/webinarreminderpush","timeoutSeconds":60,"environmentVariables":{"ONESIGNAL_REST_API_KEY":"os_v2_app_2slkvpnyz5grrfdlqiulem4s66lnkhyjke6exymqle22uhrap4pclmvthumktu25pnhxxiyjsf35suppthewowupuc5oqm5yqx4ynji","APP_PUBLIC_URL":"https://psb-academy-chat.web.app/","FIREBASE_CONFIG":"{\"projectId\":\"psb-academy-chat\",\"databaseURL\":\"https://psb-academy-chat-default-rtdb.europe-west1.firebasedatabase.app\",\"storageBucket\":\"psb-academy-chat.firebasestorage.app\"}","GCLOUD_PROJECT":"psb-academy-chat","EVENTARC_CLOUD_EVENT_SOURCE":"projects/psb-academy-chat/locations/europe-west1/services/webinarReminderPush","FUNCTION_TARGET":"webinarReminderPush","LOG_EXECUTION_ID":"true"},"ingressSettings":"ALLOW_ALL","serviceAccountEmail":"701758501216-compute@developer.gserviceaccount.com","availableMemory":"256Mi","maxInstanceRequestConcurrency":80,"availableCpu":"1"},"labels":{"deployment-tool":"cli-firebase","deployment-scheduled":"true","firebase-functions-hash":"8bec1a628b3ad49ae197152cfe4d73841c50ecfb"},"environment":"GEN_2"},"stages":[{"name":"BUILD","message":"Build in progress","state":"IN_PROGRESS","resource":"projects/701758501216/locations/europe-west1/builds/5ede2f2c-dee7-4b6e-a2c8-b5698ed1831b","resourceUri":"https://console.cloud.google.com/cloud-build/builds;region=europe-west1/5ede2f2c-dee7-4b6e-a2c8-b5698ed1831b?project=701758501216"},{"name":"SERVICE","state":"NOT_STARTED"}],"operationType":"CREATE_FUNCTION","buildName":"projects/701758501216/locations/europe-west1/builds/5ede2f2c-dee7-4b6e-a2c8-b5698ed1831b"},"done":false}
[debug] [2026-04-17T05:27:32.850Z] [create-default-europe-west1-notifyChatMessage] Retrying task index 0
[debug] [2026-04-17T05:27:32.851Z] Checked if tokens are valid: true, expires at: 1776406569381
[debug] [2026-04-17T05:27:32.851Z] Checked if tokens are valid: true, expires at: 1776406569381
[debug] [2026-04-17T05:27:32.851Z] >>> [apiv2][query] GET https://cloudfunctions.googleapis.com/v1/operations/cHJvamVjdHMvcHNiLWFjYWRlbXktY2hhdC9sb2NhdGlvbnMvZXVyb3BlLXdlc3QxL29wZXJhdGlvbnMvb3BlcmF0aW9uLTE3NzY0MDM2MDU1NDItNjRmYTEzMWUyZDcxYi00MWMxOTQwNy1mODAwN2UwMQ [none]
[debug] [2026-04-17T05:27:33.221Z] <<< [apiv2][status] GET https://cloudfunctions.googleapis.com/v1/operations/cHJvamVjdHMvcHNiLWFjYWRlbXktY2hhdC9sb2NhdGlvbnMvZXVyb3BlLXdlc3QxL29wZXJhdGlvbnMvb3BlcmF0aW9uLTE3NzY0MDM2MDU1NDItNjRmYTEzMWUyZDcxYi00MWMxOTQwNy1mODAwN2UwMQ 200
[debug] [2026-04-17T05:27:33.221Z] <<< [apiv2][body] GET https://cloudfunctions.googleapis.com/v1/operations/cHJvamVjdHMvcHNiLWFjYWRlbXktY2hhdC9sb2NhdGlvbnMvZXVyb3BlLXdlc3QxL29wZXJhdGlvbnMvb3BlcmF0aW9uLTE3NzY0MDM2MDU1NDItNjRmYTEzMWUyZDcxYi00MWMxOTQwNy1mODAwN2UwMQ {"name":"operations/cHJvamVjdHMvcHNiLWFjYWRlbXktY2hhdC9sb2NhdGlvbnMvZXVyb3BlLXdlc3QxL29wZXJhdGlvbnMvb3BlcmF0aW9uLTE3NzY0MDM2MDU1NDItNjRmYTEzMWUyZDcxYi00MWMxOTQwNy1mODAwN2UwMQ","metadata":{"@type":"type.googleapis.com/google.cloud.functions.v1.OperationMetadataV1","target":"projects/psb-academy-chat/locations/europe-west1/functions/notifyChatMessage","type":"CREATE_FUNCTION","request":{"@type":"type.googleapis.com/google.cloud.functions.v1.CloudFunction","name":"projects/psb-academy-chat/locations/europe-west1/functions/notifyChatMessage","eventTrigger":{"eventType":"providers/google.firebase.database/eventTypes/ref.create","resource":"projects/_/instances/psb-academy-chat-default-rtdb/refs/messages/{messageId}","failurePolicy":{}},"entryPoint":"notifyChatMessage","timeout":"60s","availableMemoryMb":256,"updateTime":"1970-01-01T00:00:00Z","labels":{"deployment-tool":"cli-firebase","firebase-functions-hash":"b1927a3e206be9fe01a351e68387d483fe1bd0b3"},"sourceUploadUrl":"https://storage.googleapis.com/uploads-557388512630.europe-west1.cloudfunctions.appspot.com/1b38ca7c-ab6f-4b13-a903-3ecc529f3db7.zip?GoogleAccessId=service-701758501216@gcf-admin-robot.iam.gserviceaccount.com&Expires=1776405404&Signature=eCN2ediLlbP8dxtrxzw8Jypj6L4ytz%2BkXnd1dsIQOOQn0jxvhrd%2FpmfictCRW5SWekT9NVMRpgzAk9aFsRncbaC82f88jjcXQyB0en%2F9IGD3qTlDiWv7ZFs4z7ai%2BXh72jxMDcwgG7eOcpBFaehZGYOo7nFu%2F3pTJYg1rfgqRrlyVA9JmmRkrjxqH7KooSrz9rT6gmcvezRZXwBpfQrhtC9ElVGOQukk9axajj3ygECzyzm6o6g%2FkaTnrrEYgSh00Nom7pErMifrRsAY0%2BXjqyeXwlK3Zn10C9YiC9tfSdbdiKNI1YCjsnxc8O47zX98l4lk2Y8OQOGGISEbxotEUQ%3D%3D","environmentVariables":{"ONESIGNAL_REST_API_KEY":"os_v2_app_2slkvpnyz5grrfdlqiulem4s66lnkhyjke6exymqle22uhrap4pclmvthumktu25pnhxxiyjsf35suppthewowupuc5oqm5yqx4ynji","APP_PUBLIC_URL":"https://psb-academy-chat.web.app/","FIREBASE_CONFIG":"{\"projectId\":\"psb-academy-chat\",\"databaseURL\":\"https://psb-academy-chat-default-rtdb.europe-west1.firebasedatabase.app\",\"storageBucket\":\"psb-academy-chat.firebasestorage.app\"}","GCLOUD_PROJECT":"psb-academy-chat","EVENTARC_CLOUD_EVENT_SOURCE":"projects/psb-academy-chat/locations/europe-west1/functions/notifyChatMessage"},"runtime":"nodejs22","buildEnvironmentVariables":{"GOOGLE_NODE_RUN_SCRIPTS":""},"dockerRegistry":"ARTIFACT_REGISTRY"},"versionId":"1","updateTime":"2026-04-17T05:27:32.090373921Z","buildId":"d06e6597-29a6-4c7e-8a23-5890fede5cdc","buildName":"projects/701758501216/locations/europe-west1/builds/d06e6597-29a6-4c7e-8a23-5890fede5cdc"},"done":true,"error":{"code":3,"message":"Gen1 operation for function projects/psb-academy-chat/locations/europe-west1/functions/notifyChatMessage failed: Build failed: Access to bucket gcf-sources-701758501216-europe-west1 denied. You must grant Storage Object Viewer permission to 701758501216-compute@developer.gserviceaccount.com. If you are using VPC Service Controls, you must also grant it access to your service perimeter.\n."}}
[debug] [2026-04-17T05:27:33.222Z] Got source token undefined for region europe-west1
[error] Gen1 operation for function projects/psb-academy-chat/locations/europe-west1/functions/notifyChatMessage failed: Build failed: Access to bucket gcf-sources-701758501216-europe-west1 denied. You must grant Storage Object Viewer permission to 701758501216-compute@developer.gserviceaccount.com. If you are using VPC Service Controls, you must also grant it access to your service perimeter.
.
[debug] [2026-04-17T05:27:34.474Z] [create-default-europe-west1-webinarReminderPush] Retrying task index 0
[debug] [2026-04-17T05:27:34.475Z] Checked if tokens are valid: true, expires at: 1776406569381
[debug] [2026-04-17T05:27:34.475Z] Checked if tokens are valid: true, expires at: 1776406569381
[debug] [2026-04-17T05:27:34.475Z] >>> [apiv2][query] GET https://cloudfunctions.googleapis.com/v2/projects/psb-academy-chat/locations/europe-west1/operations/operation-1776403605700-64fa131e540c1-c62ea9af-e455e8a7 [none]
[debug] [2026-04-17T05:27:34.677Z] <<< [apiv2][status] GET https://cloudfunctions.googleapis.com/v2/projects/psb-academy-chat/locations/europe-west1/operations/operation-1776403605700-64fa131e540c1-c62ea9af-e455e8a7 200
[debug] [2026-04-17T05:27:34.677Z] <<< [apiv2][body] GET https://cloudfunctions.googleapis.com/v2/projects/psb-academy-chat/locations/europe-west1/operations/operation-1776403605700-64fa131e540c1-c62ea9af-e455e8a7 {"name":"projects/psb-academy-chat/locations/europe-west1/operations/operation-1776403605700-64fa131e540c1-c62ea9af-e455e8a7","metadata":{"@type":"type.googleapis.com/google.cloud.functions.v2.OperationMetadata","createTime":"2026-04-17T05:26:47.794081818Z","endTime":"2026-04-17T05:27:32.911722805Z","target":"projects/psb-academy-chat/locations/europe-west1/functions/webinarReminderPush","verb":"create","cancelRequested":false,"apiVersion":"v2","requestResource":{"@type":"type.googleapis.com/google.cloud.functions.v2.Function","name":"projects/psb-academy-chat/locations/europe-west1/functions/webinarReminderPush","buildConfig":{"runtime":"nodejs22","entryPoint":"webinarReminderPush","source":{"storageSource":{"bucket":"gcf-v2-sources-701758501216-europe-west1","object":"webinarReminderPush/function-source.zip","generation":"1776403607279772"}},"environmentVariables":{"GOOGLE_NODE_RUN_SCRIPTS":""},"serviceAccount":"projects/psb-academy-chat/serviceAccounts/701758501216-compute@developer.gserviceaccount.com","automaticUpdatePolicy":{}},"serviceConfig":{"service":"projects/psb-academy-chat/locations/europe-west1/services/webinarreminderpush","timeoutSeconds":60,"environmentVariables":{"ONESIGNAL_REST_API_KEY":"os_v2_app_2slkvpnyz5grrfdlqiulem4s66lnkhyjke6exymqle22uhrap4pclmvthumktu25pnhxxiyjsf35suppthewowupuc5oqm5yqx4ynji","APP_PUBLIC_URL":"https://psb-academy-chat.web.app/","FIREBASE_CONFIG":"{\"projectId\":\"psb-academy-chat\",\"databaseURL\":\"https://psb-academy-chat-default-rtdb.europe-west1.firebasedatabase.app\",\"storageBucket\":\"psb-academy-chat.firebasestorage.app\"}","GCLOUD_PROJECT":"psb-academy-chat","EVENTARC_CLOUD_EVENT_SOURCE":"projects/psb-academy-chat/locations/europe-west1/services/webinarReminderPush","FUNCTION_TARGET":"webinarReminderPush","LOG_EXECUTION_ID":"true"},"ingressSettings":"ALLOW_ALL","serviceAccountEmail":"701758501216-compute@developer.gserviceaccount.com","availableMemory":"256Mi","maxInstanceRequestConcurrency":80,"availableCpu":"1"},"labels":{"deployment-tool":"cli-firebase","deployment-scheduled":"true","firebase-functions-hash":"8bec1a628b3ad49ae197152cfe4d73841c50ecfb"},"environment":"GEN_2"},"stages":[{"name":"ARTIFACT_REGISTRY","message":"Deleting function artifacts in Artifact Registry","state":"COMPLETE"},{"name":"SERVICE","message":"Deleting Cloud Run service","state":"COMPLETE","resource":"projects/psb-academy-chat/locations/europe-west1/services/webinarreminderpush"}],"operationType":"CREATE_FUNCTION"},"done":true,"error":{"code":3,"message":"Build failed with status: FAILURE. Could not build the function due to a missing permission on the build service account. If you didn't revoke that permission explicitly, this could be caused by a change in the organization policies. Please refer to the following documentation for more details and resolution: https://cloud.google.com/functions/docs/troubleshooting#build-service-account\n You can also view the logs at https://console.cloud.google.com/cloud-build/builds;region=europe-west1/5ede2f2c-dee7-4b6e-a2c8-b5698ed1831b?project=701758501216.\n"}}
[debug] [2026-04-17T05:27:34.677Z] Got source token undefined for region europe-west1
[debug] [2026-04-17T05:27:34.678Z] Checked if tokens are valid: true, expires at: 1776406569381
[debug] [2026-04-17T05:27:34.678Z] Checked if tokens are valid: true, expires at: 1776406569381
[debug] [2026-04-17T05:27:34.678Z] >>> [apiv2][query] POST https://cloudfunctions.googleapis.com/v2/projects/psb-academy-chat/locations/europe-west1/functions functionId=webinarEndedPush
[debug] [2026-04-17T05:27:34.678Z] >>> [apiv2][body] POST https://cloudfunctions.googleapis.com/v2/projects/psb-academy-chat/locations/europe-west1/functions {"name":"projects/psb-academy-chat/locations/europe-west1/functions/webinarEndedPush","buildConfig":{"runtime":"nodejs22","entryPoint":"webinarEndedPush","source":{"storageSource":{"bucket":"gcf-v2-uploads-701758501216.europe-west1.cloudfunctions.appspot.com","object":"b5a0efed-41ad-4a1c-9258-93d846df84c5.zip"}},"environmentVariables":{"GOOGLE_NODE_RUN_SCRIPTS":""}},"serviceConfig":{"environmentVariables":{"ONESIGNAL_REST_API_KEY":"os_v2_app_2slkvpnyz5grrfdlqiulem4s66lnkhyjke6exymqle22uhrap4pclmvthumktu25pnhxxiyjsf35suppthewowupuc5oqm5yqx4ynji","APP_PUBLIC_URL":"https://psb-academy-chat.web.app/","FIREBASE_CONFIG":"{\"projectId\":\"psb-academy-chat\",\"databaseURL\":\"https://psb-academy-chat-default-rtdb.europe-west1.firebasedatabase.app\",\"storageBucket\":\"psb-academy-chat.firebasestorage.app\"}","GCLOUD_PROJECT":"psb-academy-chat","EVENTARC_CLOUD_EVENT_SOURCE":"projects/psb-academy-chat/locations/europe-west1/services/webinarEndedPush","FUNCTION_TARGET":"webinarEndedPush","LOG_EXECUTION_ID":"true"},"ingressSettings":null,"timeoutSeconds":null,"serviceAccountEmail":null,"availableMemory":"256Mi","minInstanceCount":null,"maxInstanceCount":null,"maxInstanceRequestConcurrency":80,"availableCpu":"1","vpcConnector":null,"vpcConnectorEgressSettings":null,"directVpcNetworkInterface":null,"directVpcEgress":null},"labels":{"deployment-tool":"cli-firebase","deployment-scheduled":"true","firebase-functions-hash":"8bec1a628b3ad49ae197152cfe4d73841c50ecfb"}}
[error] Build failed with status: FAILURE. Could not build the function due to a missing permission on the build service account. If you didn't revoke that permission explicitly, this could be caused by a change in the organization policies. Please refer to the following documentation for more details and resolution: https://cloud.google.com/functions/docs/troubleshooting#build-service-account
 You can also view the logs at https://console.cloud.google.com/cloud-build/builds;region=europe-west1/5ede2f2c-dee7-4b6e-a2c8-b5698ed1831b?project=701758501216.

[debug] [2026-04-17T05:27:35.485Z] <<< [apiv2][status] POST https://cloudfunctions.googleapis.com/v2/projects/psb-academy-chat/locations/europe-west1/functions 200
[debug] [2026-04-17T05:27:35.486Z] <<< [apiv2][body] POST https://cloudfunctions.googleapis.com/v2/projects/psb-academy-chat/locations/europe-west1/functions {"name":"projects/psb-academy-chat/locations/europe-west1/operations/operation-1776403654881-64fa134d3b2a8-5947aade-f370ca04","metadata":{"@type":"type.googleapis.com/google.cloud.functions.v2.OperationMetadata","createTime":"2026-04-17T05:27:35.475309395Z","target":"projects/psb-academy-chat/locations/europe-west1/functions/webinarEndedPush","verb":"create","cancelRequested":false,"apiVersion":"v2"},"done":false}
[debug] [2026-04-17T05:27:35.486Z] Checked if tokens are valid: true, expires at: 1776406569381
[debug] [2026-04-17T05:27:35.486Z] Checked if tokens are valid: true, expires at: 1776406569381
[debug] [2026-04-17T05:27:35.486Z] >>> [apiv2][query] GET https://cloudfunctions.googleapis.com/v2/projects/psb-academy-chat/locations/europe-west1/operations/operation-1776403654881-64fa134d3b2a8-5947aade-f370ca04 [none]
[debug] [2026-04-17T05:27:35.663Z] <<< [apiv2][status] GET https://cloudfunctions.googleapis.com/v2/projects/psb-academy-chat/locations/europe-west1/operations/operation-1776403654881-64fa134d3b2a8-5947aade-f370ca04 200
[debug] [2026-04-17T05:27:35.663Z] <<< [apiv2][body] GET https://cloudfunctions.googleapis.com/v2/projects/psb-academy-chat/locations/europe-west1/operations/operation-1776403654881-64fa134d3b2a8-5947aade-f370ca04 {"name":"projects/psb-academy-chat/locations/europe-west1/operations/operation-1776403654881-64fa134d3b2a8-5947aade-f370ca04","metadata":{"@type":"type.googleapis.com/google.cloud.functions.v2.OperationMetadata","createTime":"2026-04-17T05:27:35.475309395Z","target":"projects/psb-academy-chat/locations/europe-west1/functions/webinarEndedPush","verb":"create","cancelRequested":false,"apiVersion":"v2","requestResource":{"@type":"type.googleapis.com/google.cloud.functions.v2.Function","name":"projects/psb-academy-chat/locations/europe-west1/functions/webinarEndedPush","buildConfig":{"runtime":"nodejs22","entryPoint":"webinarEndedPush","source":{"storageSource":{"bucket":"gcf-v2-sources-701758501216-europe-west1","object":"webinarEndedPush/function-source.zip","generation":"1776403655083422"}},"environmentVariables":{"GOOGLE_NODE_RUN_SCRIPTS":""},"serviceAccount":"projects/psb-academy-chat/serviceAccounts/701758501216-compute@developer.gserviceaccount.com","automaticUpdatePolicy":{}},"serviceConfig":{"service":"projects/psb-academy-chat/locations/europe-west1/services/webinarendedpush","timeoutSeconds":60,"environmentVariables":{"ONESIGNAL_REST_API_KEY":"os_v2_app_2slkvpnyz5grrfdlqiulem4s66lnkhyjke6exymqle22uhrap4pclmvthumktu25pnhxxiyjsf35suppthewowupuc5oqm5yqx4ynji","APP_PUBLIC_URL":"https://psb-academy-chat.web.app/","FIREBASE_CONFIG":"{\"projectId\":\"psb-academy-chat\",\"databaseURL\":\"https://psb-academy-chat-default-rtdb.europe-west1.firebasedatabase.app\",\"storageBucket\":\"psb-academy-chat.firebasestorage.app\"}","GCLOUD_PROJECT":"psb-academy-chat","EVENTARC_CLOUD_EVENT_SOURCE":"projects/psb-academy-chat/locations/europe-west1/services/webinarEndedPush","FUNCTION_TARGET":"webinarEndedPush","LOG_EXECUTION_ID":"true"},"ingressSettings":"ALLOW_ALL","serviceAccountEmail":"701758501216-compute@developer.gserviceaccount.com","availableMemory":"256Mi","maxInstanceRequestConcurrency":80,"availableCpu":"1"},"labels":{"deployment-tool":"cli-firebase","deployment-scheduled":"true","firebase-functions-hash":"8bec1a628b3ad49ae197152cfe4d73841c50ecfb"},"environment":"GEN_2"},"stages":[{"name":"BUILD","state":"NOT_STARTED"},{"name":"SERVICE","state":"NOT_STARTED"}],"operationType":"CREATE_FUNCTION"},"done":false}
[debug] [2026-04-17T05:27:36.164Z] [create-default-europe-west1-webinarEndedPush] Retrying task index 0
[debug] [2026-04-17T05:27:36.165Z] Checked if tokens are valid: true, expires at: 1776406569381
[debug] [2026-04-17T05:27:36.165Z] Checked if tokens are valid: true, expires at: 1776406569381
[debug] [2026-04-17T05:27:36.165Z] >>> [apiv2][query] GET https://cloudfunctions.googleapis.com/v2/projects/psb-academy-chat/locations/europe-west1/operations/operation-1776403654881-64fa134d3b2a8-5947aade-f370ca04 [none]
[debug] [2026-04-17T05:27:36.356Z] <<< [apiv2][status] GET https://cloudfunctions.googleapis.com/v2/projects/psb-academy-chat/locations/europe-west1/operations/operation-1776403654881-64fa134d3b2a8-5947aade-f370ca04 200
[debug] [2026-04-17T05:27:36.356Z] <<< [apiv2][body] GET https://cloudfunctions.googleapis.com/v2/projects/psb-academy-chat/locations/europe-west1/operations/operation-1776403654881-64fa134d3b2a8-5947aade-f370ca04 {"name":"projects/psb-academy-chat/locations/europe-west1/operations/operation-1776403654881-64fa134d3b2a8-5947aade-f370ca04","metadata":{"@type":"type.googleapis.com/google.cloud.functions.v2.OperationMetadata","createTime":"2026-04-17T05:27:35.475309395Z","target":"projects/psb-academy-chat/locations/europe-west1/functions/webinarEndedPush","verb":"create","cancelRequested":false,"apiVersion":"v2","requestResource":{"@type":"type.googleapis.com/google.cloud.functions.v2.Function","name":"projects/psb-academy-chat/locations/europe-west1/functions/webinarEndedPush","buildConfig":{"runtime":"nodejs22","entryPoint":"webinarEndedPush","source":{"storageSource":{"bucket":"gcf-v2-sources-701758501216-europe-west1","object":"webinarEndedPush/function-source.zip","generation":"1776403655083422"}},"environmentVariables":{"GOOGLE_NODE_RUN_SCRIPTS":""},"serviceAccount":"projects/psb-academy-chat/serviceAccounts/701758501216-compute@developer.gserviceaccount.com","automaticUpdatePolicy":{}},"serviceConfig":{"service":"projects/psb-academy-chat/locations/europe-west1/services/webinarendedpush","timeoutSeconds":60,"environmentVariables":{"ONESIGNAL_REST_API_KEY":"os_v2_app_2slkvpnyz5grrfdlqiulem4s66lnkhyjke6exymqle22uhrap4pclmvthumktu25pnhxxiyjsf35suppthewowupuc5oqm5yqx4ynji","APP_PUBLIC_URL":"https://psb-academy-chat.web.app/","FIREBASE_CONFIG":"{\"projectId\":\"psb-academy-chat\",\"databaseURL\":\"https://psb-academy-chat-default-rtdb.europe-west1.firebasedatabase.app\",\"storageBucket\":\"psb-academy-chat.firebasestorage.app\"}","GCLOUD_PROJECT":"psb-academy-chat","EVENTARC_CLOUD_EVENT_SOURCE":"projects/psb-academy-chat/locations/europe-west1/services/webinarEndedPush","FUNCTION_TARGET":"webinarEndedPush","LOG_EXECUTION_ID":"true"},"ingressSettings":"ALLOW_ALL","serviceAccountEmail":"701758501216-compute@developer.gserviceaccount.com","availableMemory":"256Mi","maxInstanceRequestConcurrency":80,"availableCpu":"1"},"labels":{"deployment-tool":"cli-firebase","deployment-scheduled":"true","firebase-functions-hash":"8bec1a628b3ad49ae197152cfe4d73841c50ecfb"},"environment":"GEN_2"},"stages":[{"name":"BUILD","state":"NOT_STARTED"},{"name":"SERVICE","state":"NOT_STARTED"}],"operationType":"CREATE_FUNCTION"},"done":false}
[debug] [2026-04-17T05:27:37.357Z] [create-default-europe-west1-webinarEndedPush] Retrying task index 0
[debug] [2026-04-17T05:27:37.357Z] Checked if tokens are valid: true, expires at: 1776406569381
[debug] [2026-04-17T05:27:37.357Z] Checked if tokens are valid: true, expires at: 1776406569381
[debug] [2026-04-17T05:27:37.357Z] >>> [apiv2][query] GET https://cloudfunctions.googleapis.com/v2/projects/psb-academy-chat/locations/europe-west1/operations/operation-1776403654881-64fa134d3b2a8-5947aade-f370ca04 [none]
[debug] [2026-04-17T05:27:37.545Z] <<< [apiv2][status] GET https://cloudfunctions.googleapis.com/v2/projects/psb-academy-chat/locations/europe-west1/operations/operation-1776403654881-64fa134d3b2a8-5947aade-f370ca04 200
[debug] [2026-04-17T05:27:37.545Z] <<< [apiv2][body] GET https://cloudfunctions.googleapis.com/v2/projects/psb-academy-chat/locations/europe-west1/operations/operation-1776403654881-64fa134d3b2a8-5947aade-f370ca04 {"name":"projects/psb-academy-chat/locations/europe-west1/operations/operation-1776403654881-64fa134d3b2a8-5947aade-f370ca04","metadata":{"@type":"type.googleapis.com/google.cloud.functions.v2.OperationMetadata","createTime":"2026-04-17T05:27:35.475309395Z","target":"projects/psb-academy-chat/locations/europe-west1/functions/webinarEndedPush","verb":"create","cancelRequested":false,"apiVersion":"v2","requestResource":{"@type":"type.googleapis.com/google.cloud.functions.v2.Function","name":"projects/psb-academy-chat/locations/europe-west1/functions/webinarEndedPush","buildConfig":{"runtime":"nodejs22","entryPoint":"webinarEndedPush","source":{"storageSource":{"bucket":"gcf-v2-sources-701758501216-europe-west1","object":"webinarEndedPush/function-source.zip","generation":"1776403655083422"}},"environmentVariables":{"GOOGLE_NODE_RUN_SCRIPTS":""},"serviceAccount":"projects/psb-academy-chat/serviceAccounts/701758501216-compute@developer.gserviceaccount.com","automaticUpdatePolicy":{}},"serviceConfig":{"service":"projects/psb-academy-chat/locations/europe-west1/services/webinarendedpush","timeoutSeconds":60,"environmentVariables":{"ONESIGNAL_REST_API_KEY":"os_v2_app_2slkvpnyz5grrfdlqiulem4s66lnkhyjke6exymqle22uhrap4pclmvthumktu25pnhxxiyjsf35suppthewowupuc5oqm5yqx4ynji","APP_PUBLIC_URL":"https://psb-academy-chat.web.app/","FIREBASE_CONFIG":"{\"projectId\":\"psb-academy-chat\",\"databaseURL\":\"https://psb-academy-chat-default-rtdb.europe-west1.firebasedatabase.app\",\"storageBucket\":\"psb-academy-chat.firebasestorage.app\"}","GCLOUD_PROJECT":"psb-academy-chat","EVENTARC_CLOUD_EVENT_SOURCE":"projects/psb-academy-chat/locations/europe-west1/services/webinarEndedPush","FUNCTION_TARGET":"webinarEndedPush","LOG_EXECUTION_ID":"true"},"ingressSettings":"ALLOW_ALL","serviceAccountEmail":"701758501216-compute@developer.gserviceaccount.com","availableMemory":"256Mi","maxInstanceRequestConcurrency":80,"availableCpu":"1"},"labels":{"deployment-tool":"cli-firebase","deployment-scheduled":"true","firebase-functions-hash":"8bec1a628b3ad49ae197152cfe4d73841c50ecfb"},"environment":"GEN_2"},"stages":[{"name":"BUILD","message":"Build in progress","state":"IN_PROGRESS","resource":"projects/701758501216/locations/europe-west1/builds/539fcd9c-e922-426d-bf60-2a7c16f6a11a","resourceUri":"https://console.cloud.google.com/cloud-build/builds;region=europe-west1/539fcd9c-e922-426d-bf60-2a7c16f6a11a?project=701758501216"},{"name":"SERVICE","state":"NOT_STARTED"}],"operationType":"CREATE_FUNCTION","buildName":"projects/701758501216/locations/europe-west1/builds/539fcd9c-e922-426d-bf60-2a7c16f6a11a"},"done":false}
[debug] [2026-04-17T05:27:39.546Z] [create-default-europe-west1-webinarEndedPush] Retrying task index 0
[debug] [2026-04-17T05:27:39.546Z] Checked if tokens are valid: true, expires at: 1776406569381
[debug] [2026-04-17T05:27:39.546Z] Checked if tokens are valid: true, expires at: 1776406569381
[debug] [2026-04-17T05:27:39.547Z] >>> [apiv2][query] GET https://cloudfunctions.googleapis.com/v2/projects/psb-academy-chat/locations/europe-west1/operations/operation-1776403654881-64fa134d3b2a8-5947aade-f370ca04 [none]
[debug] [2026-04-17T05:27:39.745Z] <<< [apiv2][status] GET https://cloudfunctions.googleapis.com/v2/projects/psb-academy-chat/locations/europe-west1/operations/operation-1776403654881-64fa134d3b2a8-5947aade-f370ca04 200
[debug] [2026-04-17T05:27:39.745Z] <<< [apiv2][body] GET https://cloudfunctions.googleapis.com/v2/projects/psb-academy-chat/locations/europe-west1/operations/operation-1776403654881-64fa134d3b2a8-5947aade-f370ca04 {"name":"projects/psb-academy-chat/locations/europe-west1/operations/operation-1776403654881-64fa134d3b2a8-5947aade-f370ca04","metadata":{"@type":"type.googleapis.com/google.cloud.functions.v2.OperationMetadata","createTime":"2026-04-17T05:27:35.475309395Z","target":"projects/psb-academy-chat/locations/europe-west1/functions/webinarEndedPush","verb":"create","cancelRequested":false,"apiVersion":"v2","requestResource":{"@type":"type.googleapis.com/google.cloud.functions.v2.Function","name":"projects/psb-academy-chat/locations/europe-west1/functions/webinarEndedPush","buildConfig":{"runtime":"nodejs22","entryPoint":"webinarEndedPush","source":{"storageSource":{"bucket":"gcf-v2-sources-701758501216-europe-west1","object":"webinarEndedPush/function-source.zip","generation":"1776403655083422"}},"environmentVariables":{"GOOGLE_NODE_RUN_SCRIPTS":""},"serviceAccount":"projects/psb-academy-chat/serviceAccounts/701758501216-compute@developer.gserviceaccount.com","automaticUpdatePolicy":{}},"serviceConfig":{"service":"projects/psb-academy-chat/locations/europe-west1/services/webinarendedpush","timeoutSeconds":60,"environmentVariables":{"ONESIGNAL_REST_API_KEY":"os_v2_app_2slkvpnyz5grrfdlqiulem4s66lnkhyjke6exymqle22uhrap4pclmvthumktu25pnhxxiyjsf35suppthewowupuc5oqm5yqx4ynji","APP_PUBLIC_URL":"https://psb-academy-chat.web.app/","FIREBASE_CONFIG":"{\"projectId\":\"psb-academy-chat\",\"databaseURL\":\"https://psb-academy-chat-default-rtdb.europe-west1.firebasedatabase.app\",\"storageBucket\":\"psb-academy-chat.firebasestorage.app\"}","GCLOUD_PROJECT":"psb-academy-chat","EVENTARC_CLOUD_EVENT_SOURCE":"projects/psb-academy-chat/locations/europe-west1/services/webinarEndedPush","FUNCTION_TARGET":"webinarEndedPush","LOG_EXECUTION_ID":"true"},"ingressSettings":"ALLOW_ALL","serviceAccountEmail":"701758501216-compute@developer.gserviceaccount.com","availableMemory":"256Mi","maxInstanceRequestConcurrency":80,"availableCpu":"1"},"labels":{"deployment-tool":"cli-firebase","deployment-scheduled":"true","firebase-functions-hash":"8bec1a628b3ad49ae197152cfe4d73841c50ecfb"},"environment":"GEN_2"},"stages":[{"name":"BUILD","message":"Build in progress","state":"IN_PROGRESS","resource":"projects/701758501216/locations/europe-west1/builds/539fcd9c-e922-426d-bf60-2a7c16f6a11a","resourceUri":"https://console.cloud.google.com/cloud-build/builds;region=europe-west1/539fcd9c-e922-426d-bf60-2a7c16f6a11a?project=701758501216"},{"name":"SERVICE","state":"NOT_STARTED"}],"operationType":"CREATE_FUNCTION","buildName":"projects/701758501216/locations/europe-west1/builds/539fcd9c-e922-426d-bf60-2a7c16f6a11a"},"done":false}
[debug] [2026-04-17T05:27:43.746Z] [create-default-europe-west1-webinarEndedPush] Retrying task index 0
[debug] [2026-04-17T05:27:43.746Z] Checked if tokens are valid: true, expires at: 1776406569381
[debug] [2026-04-17T05:27:43.746Z] Checked if tokens are valid: true, expires at: 1776406569381
[debug] [2026-04-17T05:27:43.747Z] >>> [apiv2][query] GET https://cloudfunctions.googleapis.com/v2/projects/psb-academy-chat/locations/europe-west1/operations/operation-1776403654881-64fa134d3b2a8-5947aade-f370ca04 [none]
[debug] [2026-04-17T05:27:43.919Z] <<< [apiv2][status] GET https://cloudfunctions.googleapis.com/v2/projects/psb-academy-chat/locations/europe-west1/operations/operation-1776403654881-64fa134d3b2a8-5947aade-f370ca04 200
[debug] [2026-04-17T05:27:43.920Z] <<< [apiv2][body] GET https://cloudfunctions.googleapis.com/v2/projects/psb-academy-chat/locations/europe-west1/operations/operation-1776403654881-64fa134d3b2a8-5947aade-f370ca04 {"name":"projects/psb-academy-chat/locations/europe-west1/operations/operation-1776403654881-64fa134d3b2a8-5947aade-f370ca04","metadata":{"@type":"type.googleapis.com/google.cloud.functions.v2.OperationMetadata","createTime":"2026-04-17T05:27:35.475309395Z","target":"projects/psb-academy-chat/locations/europe-west1/functions/webinarEndedPush","verb":"create","cancelRequested":false,"apiVersion":"v2","requestResource":{"@type":"type.googleapis.com/google.cloud.functions.v2.Function","name":"projects/psb-academy-chat/locations/europe-west1/functions/webinarEndedPush","buildConfig":{"runtime":"nodejs22","entryPoint":"webinarEndedPush","source":{"storageSource":{"bucket":"gcf-v2-sources-701758501216-europe-west1","object":"webinarEndedPush/function-source.zip","generation":"1776403655083422"}},"environmentVariables":{"GOOGLE_NODE_RUN_SCRIPTS":""},"serviceAccount":"projects/psb-academy-chat/serviceAccounts/701758501216-compute@developer.gserviceaccount.com","automaticUpdatePolicy":{}},"serviceConfig":{"service":"projects/psb-academy-chat/locations/europe-west1/services/webinarendedpush","timeoutSeconds":60,"environmentVariables":{"ONESIGNAL_REST_API_KEY":"os_v2_app_2slkvpnyz5grrfdlqiulem4s66lnkhyjke6exymqle22uhrap4pclmvthumktu25pnhxxiyjsf35suppthewowupuc5oqm5yqx4ynji","APP_PUBLIC_URL":"https://psb-academy-chat.web.app/","FIREBASE_CONFIG":"{\"projectId\":\"psb-academy-chat\",\"databaseURL\":\"https://psb-academy-chat-default-rtdb.europe-west1.firebasedatabase.app\",\"storageBucket\":\"psb-academy-chat.firebasestorage.app\"}","GCLOUD_PROJECT":"psb-academy-chat","EVENTARC_CLOUD_EVENT_SOURCE":"projects/psb-academy-chat/locations/europe-west1/services/webinarEndedPush","FUNCTION_TARGET":"webinarEndedPush","LOG_EXECUTION_ID":"true"},"ingressSettings":"ALLOW_ALL","serviceAccountEmail":"701758501216-compute@developer.gserviceaccount.com","availableMemory":"256Mi","maxInstanceRequestConcurrency":80,"availableCpu":"1"},"labels":{"deployment-tool":"cli-firebase","deployment-scheduled":"true","firebase-functions-hash":"8bec1a628b3ad49ae197152cfe4d73841c50ecfb"},"environment":"GEN_2"},"stages":[{"name":"BUILD","message":"Build in progress","state":"IN_PROGRESS","resource":"projects/701758501216/locations/europe-west1/builds/539fcd9c-e922-426d-bf60-2a7c16f6a11a","resourceUri":"https://console.cloud.google.com/cloud-build/builds;region=europe-west1/539fcd9c-e922-426d-bf60-2a7c16f6a11a?project=701758501216"},{"name":"SERVICE","state":"NOT_STARTED"}],"operationType":"CREATE_FUNCTION","buildName":"projects/701758501216/locations/europe-west1/builds/539fcd9c-e922-426d-bf60-2a7c16f6a11a"},"done":false}
[debug] [2026-04-17T05:27:51.921Z] [create-default-europe-west1-webinarEndedPush] Retrying task index 0
[debug] [2026-04-17T05:27:51.922Z] Checked if tokens are valid: true, expires at: 1776406569381
[debug] [2026-04-17T05:27:51.922Z] Checked if tokens are valid: true, expires at: 1776406569381
[debug] [2026-04-17T05:27:51.922Z] >>> [apiv2][query] GET https://cloudfunctions.googleapis.com/v2/projects/psb-academy-chat/locations/europe-west1/operations/operation-1776403654881-64fa134d3b2a8-5947aade-f370ca04 [none]
[debug] [2026-04-17T05:27:52.110Z] <<< [apiv2][status] GET https://cloudfunctions.googleapis.com/v2/projects/psb-academy-chat/locations/europe-west1/operations/operation-1776403654881-64fa134d3b2a8-5947aade-f370ca04 200
[debug] [2026-04-17T05:27:52.110Z] <<< [apiv2][body] GET https://cloudfunctions.googleapis.com/v2/projects/psb-academy-chat/locations/europe-west1/operations/operation-1776403654881-64fa134d3b2a8-5947aade-f370ca04 {"name":"projects/psb-academy-chat/locations/europe-west1/operations/operation-1776403654881-64fa134d3b2a8-5947aade-f370ca04","metadata":{"@type":"type.googleapis.com/google.cloud.functions.v2.OperationMetadata","createTime":"2026-04-17T05:27:35.475309395Z","target":"projects/psb-academy-chat/locations/europe-west1/functions/webinarEndedPush","verb":"create","cancelRequested":false,"apiVersion":"v2","requestResource":{"@type":"type.googleapis.com/google.cloud.functions.v2.Function","name":"projects/psb-academy-chat/locations/europe-west1/functions/webinarEndedPush","buildConfig":{"runtime":"nodejs22","entryPoint":"webinarEndedPush","source":{"storageSource":{"bucket":"gcf-v2-sources-701758501216-europe-west1","object":"webinarEndedPush/function-source.zip","generation":"1776403655083422"}},"environmentVariables":{"GOOGLE_NODE_RUN_SCRIPTS":""},"serviceAccount":"projects/psb-academy-chat/serviceAccounts/701758501216-compute@developer.gserviceaccount.com","automaticUpdatePolicy":{}},"serviceConfig":{"service":"projects/psb-academy-chat/locations/europe-west1/services/webinarendedpush","timeoutSeconds":60,"environmentVariables":{"ONESIGNAL_REST_API_KEY":"os_v2_app_2slkvpnyz5grrfdlqiulem4s66lnkhyjke6exymqle22uhrap4pclmvthumktu25pnhxxiyjsf35suppthewowupuc5oqm5yqx4ynji","APP_PUBLIC_URL":"https://psb-academy-chat.web.app/","FIREBASE_CONFIG":"{\"projectId\":\"psb-academy-chat\",\"databaseURL\":\"https://psb-academy-chat-default-rtdb.europe-west1.firebasedatabase.app\",\"storageBucket\":\"psb-academy-chat.firebasestorage.app\"}","GCLOUD_PROJECT":"psb-academy-chat","EVENTARC_CLOUD_EVENT_SOURCE":"projects/psb-academy-chat/locations/europe-west1/services/webinarEndedPush","FUNCTION_TARGET":"webinarEndedPush","LOG_EXECUTION_ID":"true"},"ingressSettings":"ALLOW_ALL","serviceAccountEmail":"701758501216-compute@developer.gserviceaccount.com","availableMemory":"256Mi","maxInstanceRequestConcurrency":80,"availableCpu":"1"},"labels":{"deployment-tool":"cli-firebase","deployment-scheduled":"true","firebase-functions-hash":"8bec1a628b3ad49ae197152cfe4d73841c50ecfb"},"environment":"GEN_2"},"stages":[{"name":"BUILD","message":"Build in progress","state":"IN_PROGRESS","resource":"projects/701758501216/locations/europe-west1/builds/539fcd9c-e922-426d-bf60-2a7c16f6a11a","resourceUri":"https://console.cloud.google.com/cloud-build/builds;region=europe-west1/539fcd9c-e922-426d-bf60-2a7c16f6a11a?project=701758501216"},{"name":"SERVICE","state":"NOT_STARTED"}],"operationType":"CREATE_FUNCTION","buildName":"projects/701758501216/locations/europe-west1/builds/539fcd9c-e922-426d-bf60-2a7c16f6a11a"},"done":false}
[debug] [2026-04-17T05:28:02.112Z] [create-default-europe-west1-webinarEndedPush] Retrying task index 0
[debug] [2026-04-17T05:28:02.113Z] Checked if tokens are valid: true, expires at: 1776406569381
[debug] [2026-04-17T05:28:02.113Z] Checked if tokens are valid: true, expires at: 1776406569381
[debug] [2026-04-17T05:28:02.113Z] >>> [apiv2][query] GET https://cloudfunctions.googleapis.com/v2/projects/psb-academy-chat/locations/europe-west1/operations/operation-1776403654881-64fa134d3b2a8-5947aade-f370ca04 [none]
[debug] [2026-04-17T05:28:02.301Z] <<< [apiv2][status] GET https://cloudfunctions.googleapis.com/v2/projects/psb-academy-chat/locations/europe-west1/operations/operation-1776403654881-64fa134d3b2a8-5947aade-f370ca04 200
[debug] [2026-04-17T05:28:02.301Z] <<< [apiv2][body] GET https://cloudfunctions.googleapis.com/v2/projects/psb-academy-chat/locations/europe-west1/operations/operation-1776403654881-64fa134d3b2a8-5947aade-f370ca04 {"name":"projects/psb-academy-chat/locations/europe-west1/operations/operation-1776403654881-64fa134d3b2a8-5947aade-f370ca04","metadata":{"@type":"type.googleapis.com/google.cloud.functions.v2.OperationMetadata","createTime":"2026-04-17T05:27:35.475309395Z","target":"projects/psb-academy-chat/locations/europe-west1/functions/webinarEndedPush","verb":"create","cancelRequested":false,"apiVersion":"v2","requestResource":{"@type":"type.googleapis.com/google.cloud.functions.v2.Function","name":"projects/psb-academy-chat/locations/europe-west1/functions/webinarEndedPush","buildConfig":{"runtime":"nodejs22","entryPoint":"webinarEndedPush","source":{"storageSource":{"bucket":"gcf-v2-sources-701758501216-europe-west1","object":"webinarEndedPush/function-source.zip","generation":"1776403655083422"}},"environmentVariables":{"GOOGLE_NODE_RUN_SCRIPTS":""},"serviceAccount":"projects/psb-academy-chat/serviceAccounts/701758501216-compute@developer.gserviceaccount.com","automaticUpdatePolicy":{}},"serviceConfig":{"service":"projects/psb-academy-chat/locations/europe-west1/services/webinarendedpush","timeoutSeconds":60,"environmentVariables":{"ONESIGNAL_REST_API_KEY":"os_v2_app_2slkvpnyz5grrfdlqiulem4s66lnkhyjke6exymqle22uhrap4pclmvthumktu25pnhxxiyjsf35suppthewowupuc5oqm5yqx4ynji","APP_PUBLIC_URL":"https://psb-academy-chat.web.app/","FIREBASE_CONFIG":"{\"projectId\":\"psb-academy-chat\",\"databaseURL\":\"https://psb-academy-chat-default-rtdb.europe-west1.firebasedatabase.app\",\"storageBucket\":\"psb-academy-chat.firebasestorage.app\"}","GCLOUD_PROJECT":"psb-academy-chat","EVENTARC_CLOUD_EVENT_SOURCE":"projects/psb-academy-chat/locations/europe-west1/services/webinarEndedPush","FUNCTION_TARGET":"webinarEndedPush","LOG_EXECUTION_ID":"true"},"ingressSettings":"ALLOW_ALL","serviceAccountEmail":"701758501216-compute@developer.gserviceaccount.com","availableMemory":"256Mi","maxInstanceRequestConcurrency":80,"availableCpu":"1"},"labels":{"deployment-tool":"cli-firebase","deployment-scheduled":"true","firebase-functions-hash":"8bec1a628b3ad49ae197152cfe4d73841c50ecfb"},"environment":"GEN_2"},"stages":[{"name":"BUILD","message":"Build in progress","state":"IN_PROGRESS","resource":"projects/701758501216/locations/europe-west1/builds/539fcd9c-e922-426d-bf60-2a7c16f6a11a","resourceUri":"https://console.cloud.google.com/cloud-build/builds;region=europe-west1/539fcd9c-e922-426d-bf60-2a7c16f6a11a?project=701758501216"},{"name":"SERVICE","state":"NOT_STARTED"}],"operationType":"CREATE_FUNCTION","buildName":"projects/701758501216/locations/europe-west1/builds/539fcd9c-e922-426d-bf60-2a7c16f6a11a"},"done":false}
[debug] [2026-04-17T05:28:12.303Z] [create-default-europe-west1-webinarEndedPush] Retrying task index 0
[debug] [2026-04-17T05:28:12.304Z] Checked if tokens are valid: true, expires at: 1776406569381
[debug] [2026-04-17T05:28:12.305Z] Checked if tokens are valid: true, expires at: 1776406569381
[debug] [2026-04-17T05:28:12.305Z] >>> [apiv2][query] GET https://cloudfunctions.googleapis.com/v2/projects/psb-academy-chat/locations/europe-west1/operations/operation-1776403654881-64fa134d3b2a8-5947aade-f370ca04 [none]
[debug] [2026-04-17T05:28:12.492Z] <<< [apiv2][status] GET https://cloudfunctions.googleapis.com/v2/projects/psb-academy-chat/locations/europe-west1/operations/operation-1776403654881-64fa134d3b2a8-5947aade-f370ca04 200
[debug] [2026-04-17T05:28:12.492Z] <<< [apiv2][body] GET https://cloudfunctions.googleapis.com/v2/projects/psb-academy-chat/locations/europe-west1/operations/operation-1776403654881-64fa134d3b2a8-5947aade-f370ca04 {"name":"projects/psb-academy-chat/locations/europe-west1/operations/operation-1776403654881-64fa134d3b2a8-5947aade-f370ca04","metadata":{"@type":"type.googleapis.com/google.cloud.functions.v2.OperationMetadata","createTime":"2026-04-17T05:27:35.475309395Z","target":"projects/psb-academy-chat/locations/europe-west1/functions/webinarEndedPush","verb":"create","cancelRequested":false,"apiVersion":"v2","requestResource":{"@type":"type.googleapis.com/google.cloud.functions.v2.Function","name":"projects/psb-academy-chat/locations/europe-west1/functions/webinarEndedPush","buildConfig":{"runtime":"nodejs22","entryPoint":"webinarEndedPush","source":{"storageSource":{"bucket":"gcf-v2-sources-701758501216-europe-west1","object":"webinarEndedPush/function-source.zip","generation":"1776403655083422"}},"environmentVariables":{"GOOGLE_NODE_RUN_SCRIPTS":""},"serviceAccount":"projects/psb-academy-chat/serviceAccounts/701758501216-compute@developer.gserviceaccount.com","automaticUpdatePolicy":{}},"serviceConfig":{"service":"projects/psb-academy-chat/locations/europe-west1/services/webinarendedpush","timeoutSeconds":60,"environmentVariables":{"ONESIGNAL_REST_API_KEY":"os_v2_app_2slkvpnyz5grrfdlqiulem4s66lnkhyjke6exymqle22uhrap4pclmvthumktu25pnhxxiyjsf35suppthewowupuc5oqm5yqx4ynji","APP_PUBLIC_URL":"https://psb-academy-chat.web.app/","FIREBASE_CONFIG":"{\"projectId\":\"psb-academy-chat\",\"databaseURL\":\"https://psb-academy-chat-default-rtdb.europe-west1.firebasedatabase.app\",\"storageBucket\":\"psb-academy-chat.firebasestorage.app\"}","GCLOUD_PROJECT":"psb-academy-chat","EVENTARC_CLOUD_EVENT_SOURCE":"projects/psb-academy-chat/locations/europe-west1/services/webinarEndedPush","FUNCTION_TARGET":"webinarEndedPush","LOG_EXECUTION_ID":"true"},"ingressSettings":"ALLOW_ALL","serviceAccountEmail":"701758501216-compute@developer.gserviceaccount.com","availableMemory":"256Mi","maxInstanceRequestConcurrency":80,"availableCpu":"1"},"labels":{"deployment-tool":"cli-firebase","deployment-scheduled":"true","firebase-functions-hash":"8bec1a628b3ad49ae197152cfe4d73841c50ecfb"},"environment":"GEN_2"},"stages":[{"name":"BUILD","message":"Build in progress","state":"IN_PROGRESS","resource":"projects/701758501216/locations/europe-west1/builds/539fcd9c-e922-426d-bf60-2a7c16f6a11a","resourceUri":"https://console.cloud.google.com/cloud-build/builds;region=europe-west1/539fcd9c-e922-426d-bf60-2a7c16f6a11a?project=701758501216"},{"name":"SERVICE","state":"NOT_STARTED"}],"operationType":"CREATE_FUNCTION","buildName":"projects/701758501216/locations/europe-west1/builds/539fcd9c-e922-426d-bf60-2a7c16f6a11a"},"done":false}
[debug] [2026-04-17T05:28:22.493Z] [create-default-europe-west1-webinarEndedPush] Retrying task index 0
[debug] [2026-04-17T05:28:22.494Z] Checked if tokens are valid: true, expires at: 1776406569381
[debug] [2026-04-17T05:28:22.494Z] Checked if tokens are valid: true, expires at: 1776406569381
[debug] [2026-04-17T05:28:22.494Z] >>> [apiv2][query] GET https://cloudfunctions.googleapis.com/v2/projects/psb-academy-chat/locations/europe-west1/operations/operation-1776403654881-64fa134d3b2a8-5947aade-f370ca04 [none]
[debug] [2026-04-17T05:28:22.840Z] <<< [apiv2][status] GET https://cloudfunctions.googleapis.com/v2/projects/psb-academy-chat/locations/europe-west1/operations/operation-1776403654881-64fa134d3b2a8-5947aade-f370ca04 200
[debug] [2026-04-17T05:28:22.840Z] <<< [apiv2][body] GET https://cloudfunctions.googleapis.com/v2/projects/psb-academy-chat/locations/europe-west1/operations/operation-1776403654881-64fa134d3b2a8-5947aade-f370ca04 {"name":"projects/psb-academy-chat/locations/europe-west1/operations/operation-1776403654881-64fa134d3b2a8-5947aade-f370ca04","metadata":{"@type":"type.googleapis.com/google.cloud.functions.v2.OperationMetadata","createTime":"2026-04-17T05:27:35.475309395Z","target":"projects/psb-academy-chat/locations/europe-west1/functions/webinarEndedPush","verb":"create","cancelRequested":false,"apiVersion":"v2","requestResource":{"@type":"type.googleapis.com/google.cloud.functions.v2.Function","name":"projects/psb-academy-chat/locations/europe-west1/functions/webinarEndedPush","buildConfig":{"runtime":"nodejs22","entryPoint":"webinarEndedPush","source":{"storageSource":{"bucket":"gcf-v2-sources-701758501216-europe-west1","object":"webinarEndedPush/function-source.zip","generation":"1776403655083422"}},"environmentVariables":{"GOOGLE_NODE_RUN_SCRIPTS":""},"serviceAccount":"projects/psb-academy-chat/serviceAccounts/701758501216-compute@developer.gserviceaccount.com","automaticUpdatePolicy":{}},"serviceConfig":{"service":"projects/psb-academy-chat/locations/europe-west1/services/webinarendedpush","timeoutSeconds":60,"environmentVariables":{"ONESIGNAL_REST_API_KEY":"os_v2_app_2slkvpnyz5grrfdlqiulem4s66lnkhyjke6exymqle22uhrap4pclmvthumktu25pnhxxiyjsf35suppthewowupuc5oqm5yqx4ynji","APP_PUBLIC_URL":"https://psb-academy-chat.web.app/","FIREBASE_CONFIG":"{\"projectId\":\"psb-academy-chat\",\"databaseURL\":\"https://psb-academy-chat-default-rtdb.europe-west1.firebasedatabase.app\",\"storageBucket\":\"psb-academy-chat.firebasestorage.app\"}","GCLOUD_PROJECT":"psb-academy-chat","EVENTARC_CLOUD_EVENT_SOURCE":"projects/psb-academy-chat/locations/europe-west1/services/webinarEndedPush","FUNCTION_TARGET":"webinarEndedPush","LOG_EXECUTION_ID":"true"},"ingressSettings":"ALLOW_ALL","serviceAccountEmail":"701758501216-compute@developer.gserviceaccount.com","availableMemory":"256Mi","maxInstanceRequestConcurrency":80,"availableCpu":"1"},"labels":{"deployment-tool":"cli-firebase","deployment-scheduled":"true","firebase-functions-hash":"8bec1a628b3ad49ae197152cfe4d73841c50ecfb"},"environment":"GEN_2"},"stages":[{"name":"BUILD","message":"Build finished","state":"COMPLETE","resource":"projects/701758501216/locations/europe-west1/builds/539fcd9c-e922-426d-bf60-2a7c16f6a11a","resourceUri":"https://console.cloud.google.com/cloud-build/builds;region=europe-west1/539fcd9c-e922-426d-bf60-2a7c16f6a11a?project=701758501216"},{"name":"SERVICE","message":"Creating Cloud Run service","state":"IN_PROGRESS","resource":"projects/psb-academy-chat/locations/europe-west1/services/webinarendedpush","resourceUri":"https://console.cloud.google.com/run/detail/europe-west1/webinarendedpush?project=psb-academy-chat"}],"sourceToken":"Clhwcm9qZWN0cy83MDE3NTg1MDEyMTYvbG9jYXRpb25zL2V1cm9wZS13ZXN0MS9idWlsZHMvNTM5ZmNkOWMtZTkyMi00MjZkLWJmNjAtMmE3YzE2ZjZhMTFhEnpldXJvcGUtd2VzdDEtZG9ja2VyLnBrZy5kZXYvcHNiLWFjYWRlbXktY2hhdC9nY2YtYXJ0aWZhY3RzL3BzYi0tYWNhZGVteS0tY2hhdF9fZXVyb3BlLS13ZXN0MV9fd2ViaW5hcl9lbmRlZF9wdXNoOnZlcnNpb25fMRjg4sOgthQiS3Byb2plY3RzL3BzYi1hY2FkZW15LWNoYXQvbG9jYXRpb25zL2V1cm9wZS13ZXN0MS9mdW5jdGlvbnMvd2ViaW5hckVuZGVkUHVzaCoLCPSJh88GEIjlqSMyCG5vZGVqczIyOncKI2djci5pby9nYWUtcnVudGltZXMvbm9kZWpzMjI6c3RhYmxlElBldXJvcGUtd2VzdDEtZG9ja2VyLnBrZy5kZXYvc2VydmVybGVzcy1ydW50aW1lcy9nb29nbGUtMjItZnVsbC9ydW50aW1lcy9ub2RlanMyMkAB","operationType":"CREATE_FUNCTION","buildName":"projects/701758501216/locations/europe-west1/builds/539fcd9c-e922-426d-bf60-2a7c16f6a11a"},"done":false}
[debug] [2026-04-17T05:28:22.840Z] Got source token Clhwcm9qZWN0cy83MDE3NTg1MDEyMTYvbG9jYXRpb25zL2V1cm9wZS13ZXN0MS9idWlsZHMvNTM5ZmNkOWMtZTkyMi00MjZkLWJmNjAtMmE3YzE2ZjZhMTFhEnpldXJvcGUtd2VzdDEtZG9ja2VyLnBrZy5kZXYvcHNiLWFjYWRlbXktY2hhdC9nY2YtYXJ0aWZhY3RzL3BzYi0tYWNhZGVteS0tY2hhdF9fZXVyb3BlLS13ZXN0MV9fd2ViaW5hcl9lbmRlZF9wdXNoOnZlcnNpb25fMRjg4sOgthQiS3Byb2plY3RzL3BzYi1hY2FkZW15LWNoYXQvbG9jYXRpb25zL2V1cm9wZS13ZXN0MS9mdW5jdGlvbnMvd2ViaW5hckVuZGVkUHVzaCoLCPSJh88GEIjlqSMyCG5vZGVqczIyOncKI2djci5pby9nYWUtcnVudGltZXMvbm9kZWpzMjI6c3RhYmxlElBldXJvcGUtd2VzdDEtZG9ja2VyLnBrZy5kZXYvc2VydmVybGVzcy1ydW50aW1lcy9nb29nbGUtMjItZnVsbC9ydW50aW1lcy9ub2RlanMyMkAB for region europe-west1
[debug] [2026-04-17T05:28:32.842Z] [create-default-europe-west1-webinarEndedPush] Retrying task index 0
[debug] [2026-04-17T05:28:32.843Z] Checked if tokens are valid: true, expires at: 1776406569381
[debug] [2026-04-17T05:28:32.843Z] Checked if tokens are valid: true, expires at: 1776406569381
[debug] [2026-04-17T05:28:32.843Z] >>> [apiv2][query] GET https://cloudfunctions.googleapis.com/v2/projects/psb-academy-chat/locations/europe-west1/operations/operation-1776403654881-64fa134d3b2a8-5947aade-f370ca04 [none]
[debug] [2026-04-17T05:28:33.192Z] <<< [apiv2][status] GET https://cloudfunctions.googleapis.com/v2/projects/psb-academy-chat/locations/europe-west1/operations/operation-1776403654881-64fa134d3b2a8-5947aade-f370ca04 200
[debug] [2026-04-17T05:28:33.193Z] <<< [apiv2][body] GET https://cloudfunctions.googleapis.com/v2/projects/psb-academy-chat/locations/europe-west1/operations/operation-1776403654881-64fa134d3b2a8-5947aade-f370ca04 {"name":"projects/psb-academy-chat/locations/europe-west1/operations/operation-1776403654881-64fa134d3b2a8-5947aade-f370ca04","metadata":{"@type":"type.googleapis.com/google.cloud.functions.v2.OperationMetadata","createTime":"2026-04-17T05:27:35.475309395Z","endTime":"2026-04-17T05:28:29.527898787Z","target":"projects/psb-academy-chat/locations/europe-west1/functions/webinarEndedPush","verb":"create","cancelRequested":false,"apiVersion":"v2","requestResource":{"@type":"type.googleapis.com/google.cloud.functions.v2.Function","name":"projects/psb-academy-chat/locations/europe-west1/functions/webinarEndedPush","buildConfig":{"runtime":"nodejs22","entryPoint":"webinarEndedPush","source":{"storageSource":{"bucket":"gcf-v2-sources-701758501216-europe-west1","object":"webinarEndedPush/function-source.zip","generation":"1776403655083422"}},"environmentVariables":{"GOOGLE_NODE_RUN_SCRIPTS":""},"serviceAccount":"projects/psb-academy-chat/serviceAccounts/701758501216-compute@developer.gserviceaccount.com","automaticUpdatePolicy":{}},"serviceConfig":{"service":"projects/psb-academy-chat/locations/europe-west1/services/webinarendedpush","timeoutSeconds":60,"environmentVariables":{"ONESIGNAL_REST_API_KEY":"os_v2_app_2slkvpnyz5grrfdlqiulem4s66lnkhyjke6exymqle22uhrap4pclmvthumktu25pnhxxiyjsf35suppthewowupuc5oqm5yqx4ynji","APP_PUBLIC_URL":"https://psb-academy-chat.web.app/","FIREBASE_CONFIG":"{\"projectId\":\"psb-academy-chat\",\"databaseURL\":\"https://psb-academy-chat-default-rtdb.europe-west1.firebasedatabase.app\",\"storageBucket\":\"psb-academy-chat.firebasestorage.app\"}","GCLOUD_PROJECT":"psb-academy-chat","EVENTARC_CLOUD_EVENT_SOURCE":"projects/psb-academy-chat/locations/europe-west1/services/webinarEndedPush","FUNCTION_TARGET":"webinarEndedPush","LOG_EXECUTION_ID":"true"},"ingressSettings":"ALLOW_ALL","serviceAccountEmail":"701758501216-compute@developer.gserviceaccount.com","availableMemory":"256Mi","maxInstanceRequestConcurrency":80,"availableCpu":"1"},"labels":{"deployment-tool":"cli-firebase","deployment-scheduled":"true","firebase-functions-hash":"8bec1a628b3ad49ae197152cfe4d73841c50ecfb"},"environment":"GEN_2"},"stages":[{"name":"BUILD","message":"Build finished","state":"COMPLETE","resource":"projects/701758501216/locations/europe-west1/builds/539fcd9c-e922-426d-bf60-2a7c16f6a11a","resourceUri":"https://console.cloud.google.com/cloud-build/builds;region=europe-west1/539fcd9c-e922-426d-bf60-2a7c16f6a11a?project=701758501216"},{"name":"SERVICE","message":"Creating Cloud Run service","state":"COMPLETE","resource":"projects/psb-academy-chat/locations/europe-west1/services/webinarendedpush","resourceUri":"https://console.cloud.google.com/run/detail/europe-west1/webinarendedpush?project=psb-academy-chat"}],"sourceToken":"Clhwcm9qZWN0cy83MDE3NTg1MDEyMTYvbG9jYXRpb25zL2V1cm9wZS13ZXN0MS9idWlsZHMvNTM5ZmNkOWMtZTkyMi00MjZkLWJmNjAtMmE3YzE2ZjZhMTFhEnpldXJvcGUtd2VzdDEtZG9ja2VyLnBrZy5kZXYvcHNiLWFjYWRlbXktY2hhdC9nY2YtYXJ0aWZhY3RzL3BzYi0tYWNhZGVteS0tY2hhdF9fZXVyb3BlLS13ZXN0MV9fd2ViaW5hcl9lbmRlZF9wdXNoOnZlcnNpb25fMRjg4sOgthQiS3Byb2plY3RzL3BzYi1hY2FkZW15LWNoYXQvbG9jYXRpb25zL2V1cm9wZS13ZXN0MS9mdW5jdGlvbnMvd2ViaW5hckVuZGVkUHVzaCoLCPSJh88GEIjlqSMyCG5vZGVqczIyOncKI2djci5pby9nYWUtcnVudGltZXMvbm9kZWpzMjI6c3RhYmxlElBldXJvcGUtd2VzdDEtZG9ja2VyLnBrZy5kZXYvc2VydmVybGVzcy1ydW50aW1lcy9nb29nbGUtMjItZnVsbC9ydW50aW1lcy9ub2RlanMyMkAB","operationType":"CREATE_FUNCTION","buildName":"projects/701758501216/locations/europe-west1/builds/539fcd9c-e922-426d-bf60-2a7c16f6a11a"},"done":true,"response":{"@type":"type.googleapis.com/google.cloud.functions.v2.Function","name":"projects/psb-academy-chat/locations/europe-west1/functions/webinarEndedPush","buildConfig":{"build":"projects/701758501216/locations/europe-west1/builds/539fcd9c-e922-426d-bf60-2a7c16f6a11a","runtime":"nodejs22","entryPoint":"webinarEndedPush","source":{"storageSource":{"bucket":"gcf-v2-sources-701758501216-europe-west1","object":"webinarEndedPush/function-source.zip","generation":"1776403655083422"}},"environmentVariables":{"GOOGLE_NODE_RUN_SCRIPTS":""},"dockerRepository":"projects/psb-academy-chat/locations/europe-west1/repositories/gcf-artifacts","sourceProvenance":{"resolvedStorageSource":{"bucket":"gcf-v2-sources-701758501216-europe-west1","object":"webinarEndedPush/function-source.zip","generation":"1776403655083422"}},"dockerRegistry":"ARTIFACT_REGISTRY","serviceAccount":"projects/psb-academy-chat/serviceAccounts/701758501216-compute@developer.gserviceaccount.com","automaticUpdatePolicy":{}},"serviceConfig":{"service":"projects/psb-academy-chat/locations/europe-west1/services/webinarendedpush","timeoutSeconds":60,"environmentVariables":{"ONESIGNAL_REST_API_KEY":"os_v2_app_2slkvpnyz5grrfdlqiulem4s66lnkhyjke6exymqle22uhrap4pclmvthumktu25pnhxxiyjsf35suppthewowupuc5oqm5yqx4ynji","APP_PUBLIC_URL":"https://psb-academy-chat.web.app/","FIREBASE_CONFIG":"{\"projectId\":\"psb-academy-chat\",\"databaseURL\":\"https://psb-academy-chat-default-rtdb.europe-west1.firebasedatabase.app\",\"storageBucket\":\"psb-academy-chat.firebasestorage.app\"}","GCLOUD_PROJECT":"psb-academy-chat","EVENTARC_CLOUD_EVENT_SOURCE":"projects/psb-academy-chat/locations/europe-west1/services/webinarEndedPush","FUNCTION_TARGET":"webinarEndedPush","LOG_EXECUTION_ID":"true"},"ingressSettings":"ALLOW_ALL","uri":"https://webinarendedpush-4p5mfe3orq-ew.a.run.app","serviceAccountEmail":"701758501216-compute@developer.gserviceaccount.com","availableMemory":"256Mi","allTrafficOnLatestRevision":true,"revision":"webinarendedpush-00001-pet","maxInstanceRequestConcurrency":80,"availableCpu":"1"},"state":"ACTIVE","updateTime":"2026-04-17T05:27:35.471303024Z","labels":{"deployment-tool":"cli-firebase","deployment-scheduled":"true","firebase-functions-hash":"8bec1a628b3ad49ae197152cfe4d73841c50ecfb"},"environment":"GEN_2","url":"https://europe-west1-psb-academy-chat.cloudfunctions.net/webinarEndedPush","createTime":"2026-04-17T05:27:35.471303024Z","satisfiesPzi":true}}
[debug] [2026-04-17T05:28:33.193Z] Got source token Clhwcm9qZWN0cy83MDE3NTg1MDEyMTYvbG9jYXRpb25zL2V1cm9wZS13ZXN0MS9idWlsZHMvNTM5ZmNkOWMtZTkyMi00MjZkLWJmNjAtMmE3YzE2ZjZhMTFhEnpldXJvcGUtd2VzdDEtZG9ja2VyLnBrZy5kZXYvcHNiLWFjYWRlbXktY2hhdC9nY2YtYXJ0aWZhY3RzL3BzYi0tYWNhZGVteS0tY2hhdF9fZXVyb3BlLS13ZXN0MV9fd2ViaW5hcl9lbmRlZF9wdXNoOnZlcnNpb25fMRjg4sOgthQiS3Byb2plY3RzL3BzYi1hY2FkZW15LWNoYXQvbG9jYXRpb25zL2V1cm9wZS13ZXN0MS9mdW5jdGlvbnMvd2ViaW5hckVuZGVkUHVzaCoLCPSJh88GEIjlqSMyCG5vZGVqczIyOncKI2djci5pby9nYWUtcnVudGltZXMvbm9kZWpzMjI6c3RhYmxlElBldXJvcGUtd2VzdDEtZG9ja2VyLnBrZy5kZXYvc2VydmVybGVzcy1ydW50aW1lcy9nb29nbGUtMjItZnVsbC9ydW50aW1lcy9ub2RlanMyMkAB for region europe-west1
[debug] [2026-04-17T05:28:33.194Z] Checked if tokens are valid: true, expires at: 1776406569381
[debug] [2026-04-17T05:28:33.194Z] Checked if tokens are valid: true, expires at: 1776406569381
[debug] [2026-04-17T05:28:33.194Z] >>> [apiv2][query] GET https://compute.googleapis.com/compute/v1/projects/701758501216 [none]
[debug] [2026-04-17T05:28:33.506Z] <<< [apiv2][status] GET https://compute.googleapis.com/compute/v1/projects/701758501216 403
[debug] [2026-04-17T05:28:33.506Z] <<< [apiv2][body] GET https://compute.googleapis.com/compute/v1/projects/701758501216 {"error":{"code":403,"message":"Compute Engine API has not been used in project 701758501216 before or it is disabled. Enable it by visiting https://console.developers.google.com/apis/api/compute.googleapis.com/overview?project=701758501216 then retry. If you enabled this API recently, wait a few minutes for the action to propagate to our systems and retry.","errors":[{"message":"Compute Engine API has not been used in project 701758501216 before or it is disabled. Enable it by visiting https://console.developers.google.com/apis/api/compute.googleapis.com/overview?project=701758501216 then retry. If you enabled this API recently, wait a few minutes for the action to propagate to our systems and retry.","domain":"usageLimits","reason":"accessNotConfigured","extendedHelp":"https://console.developers.google.com"}],"status":"PERMISSION_DENIED","details":[{"@type":"type.googleapis.com/google.rpc.ErrorInfo","reason":"SERVICE_DISABLED","domain":"googleapis.com","metadata":{"containerInfo":"701758501216","activationUrl":"https://console.developers.google.com/apis/api/compute.googleapis.com/overview?project=701758501216","serviceTitle":"Compute Engine API","service":"compute.googleapis.com","consumer":"projects/701758501216"}},{"@type":"type.googleapis.com/google.rpc.LocalizedMessage","locale":"en-US","message":"Compute Engine API has not been used in project 701758501216 before or it is disabled. Enable it by visiting https://console.developers.google.com/apis/api/compute.googleapis.com/overview?project=701758501216 then retry. If you enabled this API recently, wait a few minutes for the action to propagate to our systems and retry."},{"@type":"type.googleapis.com/google.rpc.Help","links":[{"description":"Google developers console API activation","url":"https://console.developers.google.com/apis/api/compute.googleapis.com/overview?project=701758501216"}]}]}}
[debug] [2026-04-17T05:28:33.507Z] unable to look up default compute service account. Falling back to 701758501216-compute@developer.gserviceaccount.com. Error: {"name":"FirebaseError","children":[],"context":{"body":{"error":{"code":403,"message":"Compute Engine API has not been used in project 701758501216 before or it is disabled. Enable it by visiting https://console.developers.google.com/apis/api/compute.googleapis.com/overview?project=701758501216 then retry. If you enabled this API recently, wait a few minutes for the action to propagate to our systems and retry.","errors":[{"message":"Compute Engine API has not been used in project 701758501216 before or it is disabled. Enable it by visiting https://console.developers.google.com/apis/api/compute.googleapis.com/overview?project=701758501216 then retry. If you enabled this API recently, wait a few minutes for the action to propagate to our systems and retry.","domain":"usageLimits","reason":"accessNotConfigured","extendedHelp":"https://console.developers.google.com"}],"status":"PERMISSION_DENIED","details":[{"@type":"type.googleapis.com/google.rpc.ErrorInfo","reason":"SERVICE_DISABLED","domain":"googleapis.com","metadata":{"containerInfo":"701758501216","activationUrl":"https://console.developers.google.com/apis/api/compute.googleapis.com/overview?project=701758501216","serviceTitle":"Compute Engine API","service":"compute.googleapis.com","consumer":"projects/701758501216"}},{"@type":"type.googleapis.com/google.rpc.LocalizedMessage","locale":"en-US","message":"Compute Engine API has not been used in project 701758501216 before or it is disabled. Enable it by visiting https://console.developers.google.com/apis/api/compute.googleapis.com/overview?project=701758501216 then retry. If you enabled this API recently, wait a few minutes for the action to propagate to our systems and retry."},{"@type":"type.googleapis.com/google.rpc.Help","links":[{"description":"Google developers console API activation","url":"https://console.developers.google.com/apis/api/compute.googleapis.com/overview?project=701758501216"}]}]}},"response":{"statusCode":403}},"exit":1,"message":"Request to https://compute.googleapis.com/compute/v1/projects/701758501216 had HTTP Error: 403, Compute Engine API has not been used in project 701758501216 before or it is disabled. Enable it by visiting https://console.developers.google.com/apis/api/compute.googleapis.com/overview?project=701758501216 then retry. If you enabled this API recently, wait a few minutes for the action to propagate to our systems and retry.","status":403}
[debug] [2026-04-17T05:28:33.507Z] Checked if tokens are valid: true, expires at: 1776406569381
[debug] [2026-04-17T05:28:33.507Z] Checked if tokens are valid: true, expires at: 1776406569381
[debug] [2026-04-17T05:28:33.507Z] >>> [apiv2][query] POST https://run.googleapis.com/v1/projects/psb-academy-chat/locations/europe-west1/services/webinarendedpush:setIamPolicy [none]
[debug] [2026-04-17T05:28:33.507Z] >>> [apiv2][body] POST https://run.googleapis.com/v1/projects/psb-academy-chat/locations/europe-west1/services/webinarendedpush:setIamPolicy {"policy":{"bindings":[{"role":"roles/run.invoker","members":["serviceAccount:701758501216-compute@developer.gserviceaccount.com"]}],"etag":"","version":3},"updateMask":"bindings,etag,version"}
[debug] [2026-04-17T05:28:34.470Z] <<< [apiv2][status] POST https://run.googleapis.com/v1/projects/psb-academy-chat/locations/europe-west1/services/webinarendedpush:setIamPolicy 200
[debug] [2026-04-17T05:28:34.470Z] <<< [apiv2][body] POST https://run.googleapis.com/v1/projects/psb-academy-chat/locations/europe-west1/services/webinarendedpush:setIamPolicy {"version":1,"etag":"BwZPoThf+uE=","bindings":[{"role":"roles/run.invoker","members":["serviceAccount:701758501216-compute@developer.gserviceaccount.com"]}]}
[debug] [2026-04-17T05:28:34.471Z] Checked if tokens are valid: true, expires at: 1776406569381
[debug] [2026-04-17T05:28:34.471Z] Checked if tokens are valid: true, expires at: 1776406569381
[debug] [2026-04-17T05:28:34.471Z] >>> [apiv2][query] GET https://compute.googleapis.com/compute/v1/projects/701758501216 [none]
[debug] [2026-04-17T05:28:34.663Z] <<< [apiv2][status] GET https://compute.googleapis.com/compute/v1/projects/701758501216 403
[debug] [2026-04-17T05:28:34.663Z] <<< [apiv2][body] GET https://compute.googleapis.com/compute/v1/projects/701758501216 {"error":{"code":403,"message":"Compute Engine API has not been used in project 701758501216 before or it is disabled. Enable it by visiting https://console.developers.google.com/apis/api/compute.googleapis.com/overview?project=701758501216 then retry. If you enabled this API recently, wait a few minutes for the action to propagate to our systems and retry.","errors":[{"message":"Compute Engine API has not been used in project 701758501216 before or it is disabled. Enable it by visiting https://console.developers.google.com/apis/api/compute.googleapis.com/overview?project=701758501216 then retry. If you enabled this API recently, wait a few minutes for the action to propagate to our systems and retry.","domain":"usageLimits","reason":"accessNotConfigured","extendedHelp":"https://console.developers.google.com"}],"status":"PERMISSION_DENIED","details":[{"@type":"type.googleapis.com/google.rpc.ErrorInfo","reason":"SERVICE_DISABLED","domain":"googleapis.com","metadata":{"serviceTitle":"Compute Engine API","activationUrl":"https://console.developers.google.com/apis/api/compute.googleapis.com/overview?project=701758501216","service":"compute.googleapis.com","consumer":"projects/701758501216","containerInfo":"701758501216"}},{"@type":"type.googleapis.com/google.rpc.LocalizedMessage","locale":"en-US","message":"Compute Engine API has not been used in project 701758501216 before or it is disabled. Enable it by visiting https://console.developers.google.com/apis/api/compute.googleapis.com/overview?project=701758501216 then retry. If you enabled this API recently, wait a few minutes for the action to propagate to our systems and retry."},{"@type":"type.googleapis.com/google.rpc.Help","links":[{"description":"Google developers console API activation","url":"https://console.developers.google.com/apis/api/compute.googleapis.com/overview?project=701758501216"}]}]}}
[debug] [2026-04-17T05:28:34.663Z] unable to look up default compute service account. Falling back to 701758501216-compute@developer.gserviceaccount.com. Error: {"name":"FirebaseError","children":[],"context":{"body":{"error":{"code":403,"message":"Compute Engine API has not been used in project 701758501216 before or it is disabled. Enable it by visiting https://console.developers.google.com/apis/api/compute.googleapis.com/overview?project=701758501216 then retry. If you enabled this API recently, wait a few minutes for the action to propagate to our systems and retry.","errors":[{"message":"Compute Engine API has not been used in project 701758501216 before or it is disabled. Enable it by visiting https://console.developers.google.com/apis/api/compute.googleapis.com/overview?project=701758501216 then retry. If you enabled this API recently, wait a few minutes for the action to propagate to our systems and retry.","domain":"usageLimits","reason":"accessNotConfigured","extendedHelp":"https://console.developers.google.com"}],"status":"PERMISSION_DENIED","details":[{"@type":"type.googleapis.com/google.rpc.ErrorInfo","reason":"SERVICE_DISABLED","domain":"googleapis.com","metadata":{"serviceTitle":"Compute Engine API","activationUrl":"https://console.developers.google.com/apis/api/compute.googleapis.com/overview?project=701758501216","service":"compute.googleapis.com","consumer":"projects/701758501216","containerInfo":"701758501216"}},{"@type":"type.googleapis.com/google.rpc.LocalizedMessage","locale":"en-US","message":"Compute Engine API has not been used in project 701758501216 before or it is disabled. Enable it by visiting https://console.developers.google.com/apis/api/compute.googleapis.com/overview?project=701758501216 then retry. If you enabled this API recently, wait a few minutes for the action to propagate to our systems and retry."},{"@type":"type.googleapis.com/google.rpc.Help","links":[{"description":"Google developers console API activation","url":"https://console.developers.google.com/apis/api/compute.googleapis.com/overview?project=701758501216"}]}]}},"response":{"statusCode":403}},"exit":1,"message":"Request to https://compute.googleapis.com/compute/v1/projects/701758501216 had HTTP Error: 403, Compute Engine API has not been used in project 701758501216 before or it is disabled. Enable it by visiting https://console.developers.google.com/apis/api/compute.googleapis.com/overview?project=701758501216 then retry. If you enabled this API recently, wait a few minutes for the action to propagate to our systems and retry.","status":403}
[debug] [2026-04-17T05:28:34.664Z] Checked if tokens are valid: true, expires at: 1776406569381
[debug] [2026-04-17T05:28:34.664Z] Checked if tokens are valid: true, expires at: 1776406569381
[debug] [2026-04-17T05:28:34.665Z] >>> [apiv2][query] GET https://cloudscheduler.googleapis.com/v1/projects/psb-academy-chat/locations/europe-west1/jobs/firebase-schedule-webinarEndedPush-europe-west1 [none]
[debug] [2026-04-17T05:28:34.923Z] <<< [apiv2][status] GET https://cloudscheduler.googleapis.com/v1/projects/psb-academy-chat/locations/europe-west1/jobs/firebase-schedule-webinarEndedPush-europe-west1 404
[debug] [2026-04-17T05:28:34.924Z] <<< [apiv2][body] GET https://cloudscheduler.googleapis.com/v1/projects/psb-academy-chat/locations/europe-west1/jobs/firebase-schedule-webinarEndedPush-europe-west1 {"error":{"code":404,"message":"Job not found.","status":"NOT_FOUND"}}
[debug] [2026-04-17T05:28:34.924Z] Checked if tokens are valid: true, expires at: 1776406569381
[debug] [2026-04-17T05:28:34.924Z] Checked if tokens are valid: true, expires at: 1776406569381
[debug] [2026-04-17T05:28:34.924Z] >>> [apiv2][query] POST https://cloudscheduler.googleapis.com/v1/projects/psb-academy-chat/locations/europe-west1/jobs [none]
[debug] [2026-04-17T05:28:34.924Z] >>> [apiv2][body] POST https://cloudscheduler.googleapis.com/v1/projects/psb-academy-chat/locations/europe-west1/jobs {"timeZone":"Europe/Moscow","name":"projects/psb-academy-chat/locations/europe-west1/jobs/firebase-schedule-webinarEndedPush-europe-west1","httpTarget":{"uri":"https://europe-west1-psb-academy-chat.cloudfunctions.net/webinarEndedPush","httpMethod":"POST","oidcToken":{"serviceAccountEmail":"701758501216-compute@developer.gserviceaccount.com"}},"schedule":"every 15 minutes","attemptDeadline":null}
[debug] [2026-04-17T05:28:40.835Z] <<< [apiv2][status] POST https://cloudscheduler.googleapis.com/v1/projects/psb-academy-chat/locations/europe-west1/jobs 200
[debug] [2026-04-17T05:28:40.835Z] <<< [apiv2][body] POST https://cloudscheduler.googleapis.com/v1/projects/psb-academy-chat/locations/europe-west1/jobs {"name":"projects/psb-academy-chat/locations/europe-west1/jobs/firebase-schedule-webinarEndedPush-europe-west1","httpTarget":{"uri":"https://europe-west1-psb-academy-chat.cloudfunctions.net/webinarEndedPush","httpMethod":"POST","headers":{"User-Agent":"Google-Cloud-Scheduler"},"oidcToken":{"serviceAccountEmail":"701758501216-compute@developer.gserviceaccount.com","audience":"https://europe-west1-psb-academy-chat.cloudfunctions.net/webinarEndedPush"}},"userUpdateTime":"2026-04-17T05:28:40.664398Z","state":"ENABLED","status":{"code":-1},"scheduleTime":"2026-04-17T05:43:00Z","schedule":"every 15 minutes","timeZone":"Europe/Moscow","attemptDeadline":"180s"}
[debug] [2026-04-17T05:28:40.836Z] created scheduler job firebase-schedule-webinarEndedPush-europe-west1
[info] ✔  functions[webinarEndedPush(europe-west1)] Successful create operation. 
[warn] ⚠  functions: Deploys failed. Skipping deletes. 
[debug] [2026-04-17T05:28:40.848Z] Total Function Deployment time: 115489
[debug] [2026-04-17T05:28:40.848Z] 3 Functions Deployed
[debug] [2026-04-17T05:28:40.848Z] 2 Functions Errored
[debug] [2026-04-17T05:28:40.848Z] 0 Function Deployments Aborted
[debug] [2026-04-17T05:28:40.849Z] Average Function Deployment time: 70896
[info] 
[info] Functions deploy had errors with the following functions:
	webinarReminderPush(europe-west1)
	notifyChatMessage(europe-west1)
[debug] [2026-04-17T05:28:41.464Z] Checked if tokens are valid: true, expires at: 1776406569381
[debug] [2026-04-17T05:28:41.464Z] Checked if tokens are valid: true, expires at: 1776406569381
[debug] [2026-04-17T05:28:41.464Z] >>> [apiv2][query] GET https://artifactregistry.googleapis.com/v1/projects/psb-academy-chat/locations/europe-west1/repositories/gcf-artifacts [none]
[debug] [2026-04-17T05:28:42.211Z] <<< [apiv2][status] GET https://artifactregistry.googleapis.com/v1/projects/psb-academy-chat/locations/europe-west1/repositories/gcf-artifacts 200
[debug] [2026-04-17T05:28:42.211Z] <<< [apiv2][body] GET https://artifactregistry.googleapis.com/v1/projects/psb-academy-chat/locations/europe-west1/repositories/gcf-artifacts {"name":"projects/psb-academy-chat/locations/europe-west1/repositories/gcf-artifacts","format":"DOCKER","description":"This repository is created and used by Cloud Functions for storing function docker images.","labels":{"goog-managed-by":"cloudfunctions"},"createTime":"2026-04-17T05:27:00.175236Z","updateTime":"2026-04-17T05:28:17.144928Z","mode":"STANDARD_REPOSITORY","sizeBytes":"99028579","vulnerabilityScanningConfig":{"lastEnableTime":"2026-04-17T05:26:47.956874979Z","enablementState":"SCANNING_DISABLED","enablementStateReason":"API containerscanning.googleapis.com is not enabled."},"satisfiesPzi":true,"registryUri":"europe-west1-docker.pkg.dev/psb-academy-chat/gcf-artifacts"}
[warn] ⚠  functions: No cleanup policy detected for repositories in europe-west1. This may result in a small monthly bill as container images accumulate over time. 
[info] i  functions: Configuring cleanup policy for repository in europe-west1. Images older than 1 days will be automatically deleted. 
[debug] [2026-04-17T05:29:11.998Z] Setting up artifact cleanup policy for region europe-west1
[debug] [2026-04-17T05:29:11.998Z] Checked if tokens are valid: true, expires at: 1776406569381
[debug] [2026-04-17T05:29:11.998Z] Checked if tokens are valid: true, expires at: 1776406569381
[debug] [2026-04-17T05:29:11.999Z] >>> [apiv2][query] PATCH https://artifactregistry.googleapis.com/v1/projects/psb-academy-chat/locations/europe-west1/repositories/gcf-artifacts updateMask=name%2CcleanupPolicies%2CcleanupPolicyDryRun%2Clabels
[debug] [2026-04-17T05:29:11.999Z] >>> [apiv2][body] PATCH https://artifactregistry.googleapis.com/v1/projects/psb-academy-chat/locations/europe-west1/repositories/gcf-artifacts {"name":"projects/psb-academy-chat/locations/europe-west1/repositories/gcf-artifacts","cleanupPolicies":{"firebase-functions-cleanup":{"id":"firebase-functions-cleanup","condition":{"tagState":"ANY","olderThan":"86400s"},"action":"DELETE"}},"cleanupPolicyDryRun":false,"labels":{"goog-managed-by":"cloudfunctions"}}
[debug] [2026-04-17T05:29:12.195Z] <<< [apiv2][status] PATCH https://artifactregistry.googleapis.com/v1/projects/psb-academy-chat/locations/europe-west1/repositories/gcf-artifacts 200
[debug] [2026-04-17T05:29:12.195Z] <<< [apiv2][body] PATCH https://artifactregistry.googleapis.com/v1/projects/psb-academy-chat/locations/europe-west1/repositories/gcf-artifacts {"name":"projects/psb-academy-chat/locations/europe-west1/repositories/gcf-artifacts","format":"DOCKER","description":"This repository is created and used by Cloud Functions for storing function docker images.","labels":{"goog-managed-by":"cloudfunctions"},"createTime":"2026-04-17T05:27:00.175236Z","updateTime":"2026-04-17T05:29:12.189930Z","mode":"STANDARD_REPOSITORY","cleanupPolicies":{"firebase-functions-cleanup":{"id":"firebase-functions-cleanup","action":"DELETE","condition":{"tagState":"ANY","olderThan":"86400s"}}},"vulnerabilityScanningConfig":{"lastEnableTime":"2026-04-17T05:26:47.956874979Z","enablementState":"SCANNING_DISABLED","enablementStateReason":"API containerscanning.googleapis.com is not enabled."},"satisfiesPzi":true}
[info] i  functions: Configured cleanup policy for repository in europe-west1. 
[debug] [2026-04-17T05:29:12.196Z] Functions deploy failed.
[debug] [2026-04-17T05:29:12.196Z] {
  "endpoint": {
    "id": "notifyChatMessage",
    "project": "psb-academy-chat",
    "region": "europe-west1",
    "entryPoint": "notifyChatMessage",
    "platform": "gcfv1",
    "runtime": "nodejs22",
    "eventTrigger": {
      "eventType": "providers/google.firebase.database/eventTypes/ref.create",
      "retry": false,
      "eventFilters": {
        "resource": "projects/_/instances/psb-academy-chat-default-rtdb/refs/messages/{messageId}"
      }
    },
    "labels": {
      "deployment-tool": "cli-firebase"
    },
    "serviceAccount": null,
    "ingressSettings": null,
    "availableMemoryMb": 256,
    "timeoutSeconds": 60,
    "maxInstances": null,
    "minInstances": null,
    "vpc": null,
    "environmentVariables": {
      "ONESIGNAL_REST_API_KEY": "os_v2_app_2slkvpnyz5grrfdlqiulem4s66lnkhyjke6exymqle22uhrap4pclmvthumktu25pnhxxiyjsf35suppthewowupuc5oqm5yqx4ynji",
      "APP_PUBLIC_URL": "https://psb-academy-chat.web.app/",
      "FIREBASE_CONFIG": "{\"projectId\":\"psb-academy-chat\",\"databaseURL\":\"https://psb-academy-chat-default-rtdb.europe-west1.firebasedatabase.app\",\"storageBucket\":\"psb-academy-chat.firebasestorage.app\"}",
      "GCLOUD_PROJECT": "psb-academy-chat",
      "EVENTARC_CLOUD_EVENT_SOURCE": "projects/psb-academy-chat/locations/europe-west1/functions/notifyChatMessage"
    },
    "codebase": "default",
    "targetedByOnly": false,
    "hash": "b1927a3e206be9fe01a351e68387d483fe1bd0b3"
  },
  "op": "create",
  "original": {
    "name": "FirebaseError",
    "children": [],
    "exit": 1,
    "message": "Gen1 operation for function projects/psb-academy-chat/locations/europe-west1/functions/notifyChatMessage failed: Build failed: Access to bucket gcf-sources-701758501216-europe-west1 denied. You must grant Storage Object Viewer permission to 701758501216-compute@developer.gserviceaccount.com. If you are using VPC Service Controls, you must also grant it access to your service perimeter.\n.",
    "original": {
      "code": 3,
      "message": "Gen1 operation for function projects/psb-academy-chat/locations/europe-west1/functions/notifyChatMessage failed: Build failed: Access to bucket gcf-sources-701758501216-europe-west1 denied. You must grant Storage Object Viewer permission to 701758501216-compute@developer.gserviceaccount.com. If you are using VPC Service Controls, you must also grant it access to your service perimeter.\n."
    },
    "status": 3,
    "code": 3
  }
}
[debug] [2026-04-17T05:29:12.196Z] {
  "endpoint": {
    "id": "webinarReminderPush",
    "project": "psb-academy-chat",
    "region": "europe-west1",
    "entryPoint": "webinarReminderPush",
    "platform": "gcfv2",
    "runtime": "nodejs22",
    "scheduleTrigger": {
      "schedule": "every 15 minutes",
      "timeZone": "Europe/Moscow",
      "retryConfig": {}
    },
    "labels": {
      "deployment-tool": "cli-firebase"
    },
    "serviceAccount": null,
    "ingressSettings": null,
    "availableMemoryMb": 256,
    "timeoutSeconds": null,
    "maxInstances": null,
    "minInstances": null,
    "concurrency": 80,
    "vpc": null,
    "environmentVariables": {
      "ONESIGNAL_REST_API_KEY": "os_v2_app_2slkvpnyz5grrfdlqiulem4s66lnkhyjke6exymqle22uhrap4pclmvthumktu25pnhxxiyjsf35suppthewowupuc5oqm5yqx4ynji",
      "APP_PUBLIC_URL": "https://psb-academy-chat.web.app/",
      "FIREBASE_CONFIG": "{\"projectId\":\"psb-academy-chat\",\"databaseURL\":\"https://psb-academy-chat-default-rtdb.europe-west1.firebasedatabase.app\",\"storageBucket\":\"psb-academy-chat.firebasestorage.app\"}",
      "GCLOUD_PROJECT": "psb-academy-chat",
      "EVENTARC_CLOUD_EVENT_SOURCE": "projects/psb-academy-chat/locations/europe-west1/services/webinarReminderPush"
    },
    "codebase": "default",
    "cpu": 1,
    "targetedByOnly": false,
    "hash": "8bec1a628b3ad49ae197152cfe4d73841c50ecfb"
  },
  "op": "create",
  "original": {
    "name": "FirebaseError",
    "children": [],
    "exit": 1,
    "message": "Build failed with status: FAILURE. Could not build the function due to a missing permission on the build service account. If you didn't revoke that permission explicitly, this could be caused by a change in the organization policies. Please refer to the following documentation for more details and resolution: https://cloud.google.com/functions/docs/troubleshooting#build-service-account\n You can also view the logs at https://console.cloud.google.com/cloud-build/builds;region=europe-west1/5ede2f2c-dee7-4b6e-a2c8-b5698ed1831b?project=701758501216.\n",
    "original": {
      "code": 3,
      "message": "Build failed with status: FAILURE. Could not build the function due to a missing permission on the build service account. If you didn't revoke that permission explicitly, this could be caused by a change in the organization policies. Please refer to the following documentation for more details and resolution: https://cloud.google.com/functions/docs/troubleshooting#build-service-account\n You can also view the logs at https://console.cloud.google.com/cloud-build/builds;region=europe-west1/5ede2f2c-dee7-4b6e-a2c8-b5698ed1831b?project=701758501216.\n"
    },
    "status": 3,
    "code": 3
  }
}
[error] Error: There was an error deploying functions:
[error] - Error Failed to create function notifyChatMessage in region europe-west1
[error] - Error Failed to create function webinarReminderPush in region europe-west1
[debug] [2026-04-17T05:29:42.814Z] ----------------------------------------------------------------------
[debug] [2026-04-17T05:29:42.815Z] Command:       /usr/local/bin/node /Users/nikita/.npm/_npx/7750544ccf494d8b/node_modules/.bin/firebase deploy --only functions --debug
[debug] [2026-04-17T05:29:42.815Z] CLI Version:   15.15.0
[debug] [2026-04-17T05:29:42.816Z] Platform:      darwin
[debug] [2026-04-17T05:29:42.816Z] Node Version:  v24.13.0
[debug] [2026-04-17T05:29:42.816Z] Time:          Fri Apr 17 2026 08:29:42 GMT+0300 (Москва, стандартное время)
[debug] [2026-04-17T05:29:42.816Z] ----------------------------------------------------------------------
[debug] 
[debug] [2026-04-17T05:29:43.447Z] > command requires scopes: ["email","openid","https://www.googleapis.com/auth/cloudplatformprojects.readonly","https://www.googleapis.com/auth/firebase","https://www.googleapis.com/auth/cloud-platform"]
[debug] [2026-04-17T05:29:43.447Z] > authorizing via signed-in user (nikita22myt@gmail.com)
[debug] [2026-04-17T05:29:43.448Z] [iam] checking project psb-academy-chat for permissions ["cloudfunctions.functions.create","cloudfunctions.functions.delete","cloudfunctions.functions.get","cloudfunctions.functions.list","cloudfunctions.functions.update","cloudfunctions.operations.get","firebase.projects.get"]
[debug] [2026-04-17T05:29:43.448Z] Checked if tokens are valid: true, expires at: 1776406569381
[debug] [2026-04-17T05:29:43.448Z] Checked if tokens are valid: true, expires at: 1776406569381
[debug] [2026-04-17T05:29:43.448Z] >>> [apiv2][query] POST https://cloudresourcemanager.googleapis.com/v1/projects/psb-academy-chat:testIamPermissions [none]
[debug] [2026-04-17T05:29:43.448Z] >>> [apiv2][(partial)header] POST https://cloudresourcemanager.googleapis.com/v1/projects/psb-academy-chat:testIamPermissions  x-goog-user-project=psb-academy-chat
[debug] [2026-04-17T05:29:43.448Z] >>> [apiv2][body] POST https://cloudresourcemanager.googleapis.com/v1/projects/psb-academy-chat:testIamPermissions {"permissions":["cloudfunctions.functions.create","cloudfunctions.functions.delete","cloudfunctions.functions.get","cloudfunctions.functions.list","cloudfunctions.functions.update","cloudfunctions.operations.get","firebase.projects.get"]}
[debug] [2026-04-17T05:29:44.210Z] <<< [apiv2][status] POST https://cloudresourcemanager.googleapis.com/v1/projects/psb-academy-chat:testIamPermissions 200
[debug] [2026-04-17T05:29:44.211Z] <<< [apiv2][body] POST https://cloudresourcemanager.googleapis.com/v1/projects/psb-academy-chat:testIamPermissions {"permissions":["cloudfunctions.functions.create","cloudfunctions.functions.delete","cloudfunctions.functions.get","cloudfunctions.functions.list","cloudfunctions.functions.update","cloudfunctions.operations.get","firebase.projects.get"]}
[debug] [2026-04-17T05:29:44.211Z] Checked if tokens are valid: true, expires at: 1776406569381
[debug] [2026-04-17T05:29:44.211Z] Checked if tokens are valid: true, expires at: 1776406569381
[debug] [2026-04-17T05:29:44.211Z] >>> [apiv2][query] POST https://iam.googleapis.com/v1/projects/psb-academy-chat/serviceAccounts/psb-academy-chat@appspot.gserviceaccount.com:testIamPermissions [none]
[debug] [2026-04-17T05:29:44.211Z] >>> [apiv2][body] POST https://iam.googleapis.com/v1/projects/psb-academy-chat/serviceAccounts/psb-academy-chat@appspot.gserviceaccount.com:testIamPermissions {"permissions":["iam.serviceAccounts.actAs"]}
[debug] [2026-04-17T05:29:44.914Z] <<< [apiv2][status] POST https://iam.googleapis.com/v1/projects/psb-academy-chat/serviceAccounts/psb-academy-chat@appspot.gserviceaccount.com:testIamPermissions 200
[debug] [2026-04-17T05:29:44.915Z] <<< [apiv2][body] POST https://iam.googleapis.com/v1/projects/psb-academy-chat/serviceAccounts/psb-academy-chat@appspot.gserviceaccount.com:testIamPermissions {"permissions":["iam.serviceAccounts.actAs"]}
[info] 
[info] === Deploying to 'psb-academy-chat'...
[info] 
[info] i  deploying functions 
[debug] [2026-04-17T05:29:44.918Z] Checked if tokens are valid: true, expires at: 1776406569381
[debug] [2026-04-17T05:29:44.918Z] Checked if tokens are valid: true, expires at: 1776406569381
[debug] [2026-04-17T05:29:44.918Z] >>> [apiv2][query] GET https://cloudresourcemanager.googleapis.com/v1/projects/psb-academy-chat [none]
[debug] [2026-04-17T05:29:45.135Z] <<< [apiv2][status] GET https://cloudresourcemanager.googleapis.com/v1/projects/psb-academy-chat 200
[debug] [2026-04-17T05:29:45.135Z] <<< [apiv2][body] GET https://cloudresourcemanager.googleapis.com/v1/projects/psb-academy-chat {"projectNumber":"701758501216","projectId":"psb-academy-chat","lifecycleState":"ACTIVE","name":"psb-academy-chat","labels":{"firebase":"enabled","firebase-core":"disabled"},"createTime":"2026-01-27T20:42:56.322479Z"}
[info] i  functions: preparing codebase default for deployment 
[info] i  functions: ensuring required API cloudfunctions.googleapis.com is enabled... 
[info] i  functions: ensuring required API cloudbuild.googleapis.com is enabled... 
[info] i  artifactregistry: ensuring required API artifactregistry.googleapis.com is enabled... 
[debug] [2026-04-17T05:29:45.137Z] Checked if tokens are valid: true, expires at: 1776406569381
[debug] [2026-04-17T05:29:45.137Z] Checked if tokens are valid: true, expires at: 1776406569381
[debug] [2026-04-17T05:29:45.138Z] >>> [apiv2][query] GET https://firebase.googleapis.com/v1beta1/projects/psb-academy-chat/adminSdkConfig [none]
[debug] [2026-04-17T05:29:45.711Z] <<< [apiv2][status] GET https://firebase.googleapis.com/v1beta1/projects/psb-academy-chat/adminSdkConfig 200
[debug] [2026-04-17T05:29:45.712Z] <<< [apiv2][body] GET https://firebase.googleapis.com/v1beta1/projects/psb-academy-chat/adminSdkConfig {"projectId":"psb-academy-chat","databaseURL":"https://psb-academy-chat-default-rtdb.europe-west1.firebasedatabase.app","storageBucket":"psb-academy-chat.firebasestorage.app"}
[debug] [2026-04-17T05:29:45.712Z] Checked if tokens are valid: true, expires at: 1776406569381
[debug] [2026-04-17T05:29:45.712Z] Checked if tokens are valid: true, expires at: 1776406569381
[debug] [2026-04-17T05:29:45.712Z] >>> [apiv2][query] GET https://runtimeconfig.googleapis.com/v1beta1/projects/psb-academy-chat/configs [none]
[debug] [2026-04-17T05:29:46.159Z] <<< [apiv2][status] GET https://runtimeconfig.googleapis.com/v1beta1/projects/psb-academy-chat/configs 200
[debug] [2026-04-17T05:29:46.159Z] <<< [apiv2][body] GET https://runtimeconfig.googleapis.com/v1beta1/projects/psb-academy-chat/configs {}
[debug] [2026-04-17T05:29:46.161Z] Validating nodejs source
[warn] ⚠  functions: package.json indicates an outdated version of firebase-functions. Please upgrade using npm install --save firebase-functions@latest in your functions directory. 
[warn] ⚠  functions: Please note that there will be breaking changes when you upgrade. 
[debug] [2026-04-17T05:29:46.594Z] > [functions] package.json contents: {
  "name": "psb-academy-functions",
  "description": "Push-уведомления о чате через OneSignal при новом сообщении в Realtime Database",
  "engines": {
    "node": "22"
  },
  "main": "index.js",
  "dependencies": {
    "firebase-admin": "^12.7.0",
    "firebase-functions": "^4.9.0"
  },
  "private": true
}
[debug] [2026-04-17T05:29:46.594Z] Building nodejs source
[info] i  functions: Loading and analyzing source code for codebase default to determine what to deploy 
[info] i  functions: You are using a version of firebase-functions SDK (4.9.0) that does not have support for the newest Firebase Extensions features. Please update firebase-functions SDK to >=5.1.0 to use them correctly 
[debug] [2026-04-17T05:29:46.595Z] Could not find functions.yaml. Must use http discovery
[debug] [2026-04-17T05:29:46.598Z] Found firebase-functions binary at '/Users/nikita/Downloads/prompt-main 3/functions/node_modules/.bin/firebase-functions'
[info] Serving at port 8357

[debug] [2026-04-17T05:29:46.840Z] Got response from /__/functions.yaml {"endpoints":{"notifyChatMessage":{"platform":"gcfv1","availableMemoryMb":256,"timeoutSeconds":60,"minInstances":null,"maxInstances":null,"ingressSettings":null,"serviceAccountEmail":null,"vpc":null,"region":["europe-west1"],"eventTrigger":{"eventType":"providers/google.firebase.database/eventTypes/ref.create","eventFilters":{"resource":"projects/_/instances/psb-academy-chat-default-rtdb/refs/messages/{messageId}"},"retry":false},"labels":{},"entryPoint":"notifyChatMessage"},"webinarReminderPush":{"availableMemoryMb":256,"timeoutSeconds":null,"minInstances":null,"maxInstances":null,"ingressSettings":null,"concurrency":null,"serviceAccountEmail":null,"vpc":null,"platform":"gcfv2","region":["europe-west1"],"labels":{},"scheduleTrigger":{"schedule":"every 15 minutes","retryConfig":{},"timeZone":"Europe/Moscow"},"entryPoint":"webinarReminderPush"},"webinarEndedPush":{"availableMemoryMb":256,"timeoutSeconds":null,"minInstances":null,"maxInstances":null,"ingressSettings":null,"concurrency":null,"serviceAccountEmail":null,"vpc":null,"platform":"gcfv2","region":["europe-west1"],"labels":{},"scheduleTrigger":{"schedule":"every 15 minutes","retryConfig":{},"timeZone":"Europe/Moscow"},"entryPoint":"webinarEndedPush"}},"specVersion":"v1alpha1","requiredAPIs":[{"api":"cloudscheduler.googleapis.com","reason":"Needed for scheduled functions."}]}
[info] i  functions: Loaded environment variables from .env. 
[info] i  functions: preparing functions directory for uploading... 
[info] i  functions: packaged /Users/nikita/Downloads/prompt-main 3/functions (34.26 KB) for uploading 
[info] i  functions: packaged /Users/nikita/Downloads/prompt-main 3/functions (34.51 KB) for uploading 
[debug] [2026-04-17T05:29:50.890Z] Checked if tokens are valid: true, expires at: 1776406569381
[debug] [2026-04-17T05:29:50.890Z] Checked if tokens are valid: true, expires at: 1776406569381
[debug] [2026-04-17T05:29:50.890Z] >>> [apiv2][query] GET https://cloudfunctions.googleapis.com/v1/projects/psb-academy-chat/locations/-/functions [none]
[debug] [2026-04-17T05:29:51.651Z] <<< [apiv2][status] GET https://cloudfunctions.googleapis.com/v1/projects/psb-academy-chat/locations/-/functions 200
[debug] [2026-04-17T05:29:51.652Z] <<< [apiv2][body] GET https://cloudfunctions.googleapis.com/v1/projects/psb-academy-chat/locations/-/functions {"functions":[{"name":"projects/psb-academy-chat/locations/europe-west1/functions/notifyChatMessage","eventTrigger":{"eventType":"providers/google.firebase.database/eventTypes/ref.create","resource":"projects/_/instances/psb-academy-chat-default-rtdb/refs/messages/{messageId}","service":"firebaseio.com","failurePolicy":{}},"status":"OFFLINE","entryPoint":"notifyChatMessage","timeout":"60s","availableMemoryMb":256,"serviceAccountEmail":"psb-academy-chat@appspot.gserviceaccount.com","updateTime":"2026-04-17T05:27:32.099232435Z","versionId":"1","labels":{"deployment-tool":"cli-firebase","firebase-functions-hash":"b1927a3e206be9fe01a351e68387d483fe1bd0b3"},"sourceUploadUrl":"https://storage.googleapis.com/uploads-557388512630.europe-west1.cloudfunctions.appspot.com/1b38ca7c-ab6f-4b13-a903-3ecc529f3db7.zip","environmentVariables":{"ONESIGNAL_REST_API_KEY":"os_v2_app_2slkvpnyz5grrfdlqiulem4s66lnkhyjke6exymqle22uhrap4pclmvthumktu25pnhxxiyjsf35suppthewowupuc5oqm5yqx4ynji","APP_PUBLIC_URL":"https://psb-academy-chat.web.app/","FIREBASE_CONFIG":"{\"projectId\":\"psb-academy-chat\",\"databaseURL\":\"https://psb-academy-chat-default-rtdb.europe-west1.firebasedatabase.app\",\"storageBucket\":\"psb-academy-chat.firebasestorage.app\"}","GCLOUD_PROJECT":"psb-academy-chat","EVENTARC_CLOUD_EVENT_SOURCE":"projects/psb-academy-chat/locations/europe-west1/functions/notifyChatMessage"},"runtime":"nodejs22","maxInstances":3000,"ingressSettings":"ALLOW_ALL","buildId":"d06e6597-29a6-4c7e-8a23-5890fede5cdc","buildEnvironmentVariables":{"GOOGLE_NODE_RUN_SCRIPTS":""},"buildName":"projects/701758501216/locations/europe-west1/builds/d06e6597-29a6-4c7e-8a23-5890fede5cdc","dockerRegistry":"ARTIFACT_REGISTRY","automaticUpdatePolicy":{},"buildServiceAccount":"projects/psb-academy-chat/serviceAccounts/701758501216-compute@developer.gserviceaccount.com","satisfiesPzi":true}]}
[debug] [2026-04-17T05:29:51.653Z] Checked if tokens are valid: true, expires at: 1776406569381
[debug] [2026-04-17T05:29:51.653Z] Checked if tokens are valid: true, expires at: 1776406569381
[debug] [2026-04-17T05:29:51.653Z] >>> [apiv2][query] GET https://cloudfunctions.googleapis.com/v2/projects/psb-academy-chat/locations/-/functions filter=environment%3D%22GEN_2%22
[debug] [2026-04-17T05:29:52.660Z] <<< [apiv2][status] GET https://cloudfunctions.googleapis.com/v2/projects/psb-academy-chat/locations/-/functions 200
[debug] [2026-04-17T05:29:52.661Z] <<< [apiv2][body] GET https://cloudfunctions.googleapis.com/v2/projects/psb-academy-chat/locations/-/functions {"functions":[{"name":"projects/psb-academy-chat/locations/europe-west1/functions/webinarReminderPush","buildConfig":{"build":"projects/701758501216/locations/europe-west1/builds/5ede2f2c-dee7-4b6e-a2c8-b5698ed1831b","runtime":"nodejs22","entryPoint":"webinarReminderPush","source":{"storageSource":{"bucket":"gcf-v2-sources-701758501216-europe-west1","object":"webinarReminderPush/function-source.zip","generation":"1776403607279772"}},"environmentVariables":{"GOOGLE_NODE_RUN_SCRIPTS":""},"dockerRepository":"projects/psb-academy-chat/locations/europe-west1/repositories/gcf-artifacts","sourceProvenance":{"resolvedStorageSource":{"bucket":"gcf-v2-sources-701758501216-europe-west1","object":"webinarReminderPush/function-source.zip","generation":"1776403607279772"}},"dockerRegistry":"ARTIFACT_REGISTRY","serviceAccount":"projects/psb-academy-chat/serviceAccounts/701758501216-compute@developer.gserviceaccount.com","automaticUpdatePolicy":{}},"state":"FAILED","updateTime":"2026-04-17T05:27:32.916738955Z","labels":{"deployment-tool":"cli-firebase","deployment-scheduled":"true","firebase-functions-hash":"8bec1a628b3ad49ae197152cfe4d73841c50ecfb"},"stateMessages":[{"severity":"ERROR","type":"CloudRunServiceNotFound","message":"Cloud Run service projects/psb-academy-chat/locations/europe-west1/services/webinarreminderpush for the function was not found. The function will not work correctly. Please redeploy."}],"environment":"GEN_2","url":"https://europe-west1-psb-academy-chat.cloudfunctions.net/webinarReminderPush","createTime":"2026-04-17T05:26:47.791476628Z","satisfiesPzi":true},{"name":"projects/psb-academy-chat/locations/europe-west1/functions/webinarEndedPush","buildConfig":{"build":"projects/701758501216/locations/europe-west1/builds/539fcd9c-e922-426d-bf60-2a7c16f6a11a","runtime":"nodejs22","entryPoint":"webinarEndedPush","source":{"storageSource":{"bucket":"gcf-v2-sources-701758501216-europe-west1","object":"webinarEndedPush/function-source.zip","generation":"1776403655083422"}},"environmentVariables":{"GOOGLE_NODE_RUN_SCRIPTS":""},"dockerRepository":"projects/psb-academy-chat/locations/europe-west1/repositories/gcf-artifacts","sourceProvenance":{"resolvedStorageSource":{"bucket":"gcf-v2-sources-701758501216-europe-west1","object":"webinarEndedPush/function-source.zip","generation":"1776403655083422"}},"dockerRegistry":"ARTIFACT_REGISTRY","serviceAccount":"projects/psb-academy-chat/serviceAccounts/701758501216-compute@developer.gserviceaccount.com","automaticUpdatePolicy":{}},"serviceConfig":{"service":"projects/psb-academy-chat/locations/europe-west1/services/webinarendedpush","timeoutSeconds":60,"environmentVariables":{"ONESIGNAL_REST_API_KEY":"os_v2_app_2slkvpnyz5grrfdlqiulem4s66lnkhyjke6exymqle22uhrap4pclmvthumktu25pnhxxiyjsf35suppthewowupuc5oqm5yqx4ynji","APP_PUBLIC_URL":"https://psb-academy-chat.web.app/","FIREBASE_CONFIG":"{\"projectId\":\"psb-academy-chat\",\"databaseURL\":\"https://psb-academy-chat-default-rtdb.europe-west1.firebasedatabase.app\",\"storageBucket\":\"psb-academy-chat.firebasestorage.app\"}","GCLOUD_PROJECT":"psb-academy-chat","EVENTARC_CLOUD_EVENT_SOURCE":"projects/psb-academy-chat/locations/europe-west1/services/webinarEndedPush","FUNCTION_TARGET":"webinarEndedPush","LOG_EXECUTION_ID":"true"},"ingressSettings":"ALLOW_ALL","uri":"https://webinarendedpush-4p5mfe3orq-ew.a.run.app","serviceAccountEmail":"701758501216-compute@developer.gserviceaccount.com","availableMemory":"256Mi","allTrafficOnLatestRevision":true,"revision":"webinarendedpush-00001-pet","maxInstanceRequestConcurrency":80,"availableCpu":"1"},"state":"ACTIVE","updateTime":"2026-04-17T05:28:29.694653518Z","labels":{"deployment-tool":"cli-firebase","deployment-scheduled":"true","firebase-functions-hash":"8bec1a628b3ad49ae197152cfe4d73841c50ecfb"},"environment":"GEN_2","url":"https://europe-west1-psb-academy-chat.cloudfunctions.net/webinarEndedPush","createTime":"2026-04-17T05:27:35.471303024Z","satisfiesPzi":true}]}
[info] i  functions: ensuring required API cloudscheduler.googleapis.com is enabled... 
[info] i  functions: ensuring required API run.googleapis.com is enabled... 
[info] i  functions: ensuring required API eventarc.googleapis.com is enabled... 
[info] i  functions: ensuring required API pubsub.googleapis.com is enabled... 
[info] i  functions: ensuring required API storage.googleapis.com is enabled... 
[info] i  functions: generating the service identity for pubsub.googleapis.com... 
[debug] [2026-04-17T05:29:52.665Z] Checked if tokens are valid: true, expires at: 1776406569381
[debug] [2026-04-17T05:29:52.665Z] Checked if tokens are valid: true, expires at: 1776406569381
[info] i  functions: generating the service identity for eventarc.googleapis.com... 
[debug] [2026-04-17T05:29:52.665Z] Checked if tokens are valid: true, expires at: 1776406569381
[debug] [2026-04-17T05:29:52.665Z] Checked if tokens are valid: true, expires at: 1776406569381
[debug] [2026-04-17T05:29:52.665Z] >>> [apiv2][query] POST https://serviceusage.googleapis.com/v1beta1/projects/701758501216/services/pubsub.googleapis.com:generateServiceIdentity [none]
[debug] [2026-04-17T05:29:52.665Z] >>> [apiv2][(partial)header] POST https://serviceusage.googleapis.com/v1beta1/projects/701758501216/services/pubsub.googleapis.com:generateServiceIdentity  x-goog-user-project=701758501216
[debug] [2026-04-17T05:29:52.665Z] >>> [apiv2][body] POST https://serviceusage.googleapis.com/v1beta1/projects/701758501216/services/pubsub.googleapis.com:generateServiceIdentity {}
[debug] [2026-04-17T05:29:52.667Z] >>> [apiv2][query] POST https://serviceusage.googleapis.com/v1beta1/projects/701758501216/services/eventarc.googleapis.com:generateServiceIdentity [none]
[debug] [2026-04-17T05:29:52.667Z] >>> [apiv2][(partial)header] POST https://serviceusage.googleapis.com/v1beta1/projects/701758501216/services/eventarc.googleapis.com:generateServiceIdentity  x-goog-user-project=701758501216
[debug] [2026-04-17T05:29:52.667Z] >>> [apiv2][body] POST https://serviceusage.googleapis.com/v1beta1/projects/701758501216/services/eventarc.googleapis.com:generateServiceIdentity {}
[debug] [2026-04-17T05:29:53.634Z] <<< [apiv2][status] POST https://serviceusage.googleapis.com/v1beta1/projects/701758501216/services/eventarc.googleapis.com:generateServiceIdentity 200
[debug] [2026-04-17T05:29:53.634Z] <<< [apiv2][body] POST https://serviceusage.googleapis.com/v1beta1/projects/701758501216/services/eventarc.googleapis.com:generateServiceIdentity {"name":"operations/finished.DONE_OPERATION","done":true,"response":{"@type":"type.googleapis.com/google.api.serviceusage.v1beta1.ServiceIdentity","email":"service-701758501216@gcp-sa-eventarc.iam.gserviceaccount.com","uniqueId":"104473662610021304732"}}
[debug] [2026-04-17T05:29:53.868Z] <<< [apiv2][status] POST https://serviceusage.googleapis.com/v1beta1/projects/701758501216/services/pubsub.googleapis.com:generateServiceIdentity 200
[debug] [2026-04-17T05:29:53.868Z] <<< [apiv2][body] POST https://serviceusage.googleapis.com/v1beta1/projects/701758501216/services/pubsub.googleapis.com:generateServiceIdentity {"name":"operations/finished.DONE_OPERATION","done":true,"response":{"@type":"type.googleapis.com/google.api.serviceusage.v1beta1.ServiceIdentity","email":"service-701758501216@gcp-sa-pubsub.iam.gserviceaccount.com","uniqueId":"103682368967260059795"}}
[debug] [2026-04-17T05:29:53.870Z] Checked if tokens are valid: true, expires at: 1776406569381
[debug] [2026-04-17T05:29:53.870Z] Checked if tokens are valid: true, expires at: 1776406569381
[debug] [2026-04-17T05:29:53.870Z] >>> [apiv2][query] GET https://cloudresourcemanager.googleapis.com/v1/projects/psb-academy-chat [none]
[debug] [2026-04-17T05:29:54.589Z] <<< [apiv2][status] GET https://cloudresourcemanager.googleapis.com/v1/projects/psb-academy-chat 200
[debug] [2026-04-17T05:29:54.591Z] <<< [apiv2][body] GET https://cloudresourcemanager.googleapis.com/v1/projects/psb-academy-chat {"projectNumber":"701758501216","projectId":"psb-academy-chat","lifecycleState":"ACTIVE","name":"psb-academy-chat","labels":{"firebase":"enabled","firebase-core":"disabled"},"createTime":"2026-01-27T20:42:56.322479Z"}
[debug] [2026-04-17T05:29:54.597Z] Checked if tokens are valid: true, expires at: 1776406569381
[debug] [2026-04-17T05:29:54.598Z] Checked if tokens are valid: true, expires at: 1776406569381
[debug] [2026-04-17T05:29:54.599Z] >>> [apiv2][query] GET https://compute.googleapis.com/compute/v1/projects/701758501216 [none]
[debug] [2026-04-17T05:29:54.880Z] <<< [apiv2][status] GET https://compute.googleapis.com/compute/v1/projects/701758501216 403
[debug] [2026-04-17T05:29:54.880Z] <<< [apiv2][body] GET https://compute.googleapis.com/compute/v1/projects/701758501216 {"error":{"code":403,"message":"Compute Engine API has not been used in project 701758501216 before or it is disabled. Enable it by visiting https://console.developers.google.com/apis/api/compute.googleapis.com/overview?project=701758501216 then retry. If you enabled this API recently, wait a few minutes for the action to propagate to our systems and retry.","errors":[{"message":"Compute Engine API has not been used in project 701758501216 before or it is disabled. Enable it by visiting https://console.developers.google.com/apis/api/compute.googleapis.com/overview?project=701758501216 then retry. If you enabled this API recently, wait a few minutes for the action to propagate to our systems and retry.","domain":"usageLimits","reason":"accessNotConfigured","extendedHelp":"https://console.developers.google.com"}],"status":"PERMISSION_DENIED","details":[{"@type":"type.googleapis.com/google.rpc.ErrorInfo","reason":"SERVICE_DISABLED","domain":"googleapis.com","metadata":{"service":"compute.googleapis.com","containerInfo":"701758501216","serviceTitle":"Compute Engine API","consumer":"projects/701758501216","activationUrl":"https://console.developers.google.com/apis/api/compute.googleapis.com/overview?project=701758501216"}},{"@type":"type.googleapis.com/google.rpc.LocalizedMessage","locale":"en-US","message":"Compute Engine API has not been used in project 701758501216 before or it is disabled. Enable it by visiting https://console.developers.google.com/apis/api/compute.googleapis.com/overview?project=701758501216 then retry. If you enabled this API recently, wait a few minutes for the action to propagate to our systems and retry."},{"@type":"type.googleapis.com/google.rpc.Help","links":[{"description":"Google developers console API activation","url":"https://console.developers.google.com/apis/api/compute.googleapis.com/overview?project=701758501216"}]}]}}
[debug] [2026-04-17T05:29:54.881Z] unable to look up default compute service account. Falling back to 701758501216-compute@developer.gserviceaccount.com. Error: {"name":"FirebaseError","children":[],"context":{"body":{"error":{"code":403,"message":"Compute Engine API has not been used in project 701758501216 before or it is disabled. Enable it by visiting https://console.developers.google.com/apis/api/compute.googleapis.com/overview?project=701758501216 then retry. If you enabled this API recently, wait a few minutes for the action to propagate to our systems and retry.","errors":[{"message":"Compute Engine API has not been used in project 701758501216 before or it is disabled. Enable it by visiting https://console.developers.google.com/apis/api/compute.googleapis.com/overview?project=701758501216 then retry. If you enabled this API recently, wait a few minutes for the action to propagate to our systems and retry.","domain":"usageLimits","reason":"accessNotConfigured","extendedHelp":"https://console.developers.google.com"}],"status":"PERMISSION_DENIED","details":[{"@type":"type.googleapis.com/google.rpc.ErrorInfo","reason":"SERVICE_DISABLED","domain":"googleapis.com","metadata":{"service":"compute.googleapis.com","containerInfo":"701758501216","serviceTitle":"Compute Engine API","consumer":"projects/701758501216","activationUrl":"https://console.developers.google.com/apis/api/compute.googleapis.com/overview?project=701758501216"}},{"@type":"type.googleapis.com/google.rpc.LocalizedMessage","locale":"en-US","message":"Compute Engine API has not been used in project 701758501216 before or it is disabled. Enable it by visiting https://console.developers.google.com/apis/api/compute.googleapis.com/overview?project=701758501216 then retry. If you enabled this API recently, wait a few minutes for the action to propagate to our systems and retry."},{"@type":"type.googleapis.com/google.rpc.Help","links":[{"description":"Google developers console API activation","url":"https://console.developers.google.com/apis/api/compute.googleapis.com/overview?project=701758501216"}]}]}},"response":{"statusCode":403}},"exit":1,"message":"Request to https://compute.googleapis.com/compute/v1/projects/701758501216 had HTTP Error: 403, Compute Engine API has not been used in project 701758501216 before or it is disabled. Enable it by visiting https://console.developers.google.com/apis/api/compute.googleapis.com/overview?project=701758501216 then retry. If you enabled this API recently, wait a few minutes for the action to propagate to our systems and retry.","status":403}
[debug] [2026-04-17T05:29:54.882Z] Checked if tokens are valid: true, expires at: 1776406569381
[debug] [2026-04-17T05:29:54.882Z] Checked if tokens are valid: true, expires at: 1776406569381
[debug] [2026-04-17T05:29:54.882Z] >>> [apiv2][query] GET https://compute.googleapis.com/compute/v1/projects/701758501216 [none]
[debug] [2026-04-17T05:29:55.075Z] <<< [apiv2][status] GET https://compute.googleapis.com/compute/v1/projects/701758501216 403
[debug] [2026-04-17T05:29:55.075Z] <<< [apiv2][body] GET https://compute.googleapis.com/compute/v1/projects/701758501216 {"error":{"code":403,"message":"Compute Engine API has not been used in project 701758501216 before or it is disabled. Enable it by visiting https://console.developers.google.com/apis/api/compute.googleapis.com/overview?project=701758501216 then retry. If you enabled this API recently, wait a few minutes for the action to propagate to our systems and retry.","errors":[{"message":"Compute Engine API has not been used in project 701758501216 before or it is disabled. Enable it by visiting https://console.developers.google.com/apis/api/compute.googleapis.com/overview?project=701758501216 then retry. If you enabled this API recently, wait a few minutes for the action to propagate to our systems and retry.","domain":"usageLimits","reason":"accessNotConfigured","extendedHelp":"https://console.developers.google.com"}],"status":"PERMISSION_DENIED","details":[{"@type":"type.googleapis.com/google.rpc.ErrorInfo","reason":"SERVICE_DISABLED","domain":"googleapis.com","metadata":{"activationUrl":"https://console.developers.google.com/apis/api/compute.googleapis.com/overview?project=701758501216","serviceTitle":"Compute Engine API","containerInfo":"701758501216","service":"compute.googleapis.com","consumer":"projects/701758501216"}},{"@type":"type.googleapis.com/google.rpc.LocalizedMessage","locale":"en-US","message":"Compute Engine API has not been used in project 701758501216 before or it is disabled. Enable it by visiting https://console.developers.google.com/apis/api/compute.googleapis.com/overview?project=701758501216 then retry. If you enabled this API recently, wait a few minutes for the action to propagate to our systems and retry."},{"@type":"type.googleapis.com/google.rpc.Help","links":[{"description":"Google developers console API activation","url":"https://console.developers.google.com/apis/api/compute.googleapis.com/overview?project=701758501216"}]}]}}
[debug] [2026-04-17T05:29:55.075Z] unable to look up default compute service account. Falling back to 701758501216-compute@developer.gserviceaccount.com. Error: {"name":"FirebaseError","children":[],"context":{"body":{"error":{"code":403,"message":"Compute Engine API has not been used in project 701758501216 before or it is disabled. Enable it by visiting https://console.developers.google.com/apis/api/compute.googleapis.com/overview?project=701758501216 then retry. If you enabled this API recently, wait a few minutes for the action to propagate to our systems and retry.","errors":[{"message":"Compute Engine API has not been used in project 701758501216 before or it is disabled. Enable it by visiting https://console.developers.google.com/apis/api/compute.googleapis.com/overview?project=701758501216 then retry. If you enabled this API recently, wait a few minutes for the action to propagate to our systems and retry.","domain":"usageLimits","reason":"accessNotConfigured","extendedHelp":"https://console.developers.google.com"}],"status":"PERMISSION_DENIED","details":[{"@type":"type.googleapis.com/google.rpc.ErrorInfo","reason":"SERVICE_DISABLED","domain":"googleapis.com","metadata":{"activationUrl":"https://console.developers.google.com/apis/api/compute.googleapis.com/overview?project=701758501216","serviceTitle":"Compute Engine API","containerInfo":"701758501216","service":"compute.googleapis.com","consumer":"projects/701758501216"}},{"@type":"type.googleapis.com/google.rpc.LocalizedMessage","locale":"en-US","message":"Compute Engine API has not been used in project 701758501216 before or it is disabled. Enable it by visiting https://console.developers.google.com/apis/api/compute.googleapis.com/overview?project=701758501216 then retry. If you enabled this API recently, wait a few minutes for the action to propagate to our systems and retry."},{"@type":"type.googleapis.com/google.rpc.Help","links":[{"description":"Google developers console API activation","url":"https://console.developers.google.com/apis/api/compute.googleapis.com/overview?project=701758501216"}]}]}},"response":{"statusCode":403}},"exit":1,"message":"Request to https://compute.googleapis.com/compute/v1/projects/701758501216 had HTTP Error: 403, Compute Engine API has not been used in project 701758501216 before or it is disabled. Enable it by visiting https://console.developers.google.com/apis/api/compute.googleapis.com/overview?project=701758501216 then retry. If you enabled this API recently, wait a few minutes for the action to propagate to our systems and retry.","status":403}
[debug] [2026-04-17T05:29:55.076Z] Checked if tokens are valid: true, expires at: 1776406569381
[debug] [2026-04-17T05:29:55.076Z] Checked if tokens are valid: true, expires at: 1776406569381
[debug] [2026-04-17T05:29:55.076Z] >>> [apiv2][query] GET https://compute.googleapis.com/compute/v1/projects/701758501216 [none]
[debug] [2026-04-17T05:29:55.293Z] <<< [apiv2][status] GET https://compute.googleapis.com/compute/v1/projects/701758501216 403
[debug] [2026-04-17T05:29:55.293Z] <<< [apiv2][body] GET https://compute.googleapis.com/compute/v1/projects/701758501216 {"error":{"code":403,"message":"Compute Engine API has not been used in project 701758501216 before or it is disabled. Enable it by visiting https://console.developers.google.com/apis/api/compute.googleapis.com/overview?project=701758501216 then retry. If you enabled this API recently, wait a few minutes for the action to propagate to our systems and retry.","errors":[{"message":"Compute Engine API has not been used in project 701758501216 before or it is disabled. Enable it by visiting https://console.developers.google.com/apis/api/compute.googleapis.com/overview?project=701758501216 then retry. If you enabled this API recently, wait a few minutes for the action to propagate to our systems and retry.","domain":"usageLimits","reason":"accessNotConfigured","extendedHelp":"https://console.developers.google.com"}],"status":"PERMISSION_DENIED","details":[{"@type":"type.googleapis.com/google.rpc.ErrorInfo","reason":"SERVICE_DISABLED","domain":"googleapis.com","metadata":{"consumer":"projects/701758501216","activationUrl":"https://console.developers.google.com/apis/api/compute.googleapis.com/overview?project=701758501216","service":"compute.googleapis.com","serviceTitle":"Compute Engine API","containerInfo":"701758501216"}},{"@type":"type.googleapis.com/google.rpc.LocalizedMessage","locale":"en-US","message":"Compute Engine API has not been used in project 701758501216 before or it is disabled. Enable it by visiting https://console.developers.google.com/apis/api/compute.googleapis.com/overview?project=701758501216 then retry. If you enabled this API recently, wait a few minutes for the action to propagate to our systems and retry."},{"@type":"type.googleapis.com/google.rpc.Help","links":[{"description":"Google developers console API activation","url":"https://console.developers.google.com/apis/api/compute.googleapis.com/overview?project=701758501216"}]}]}}
[debug] [2026-04-17T05:29:55.294Z] unable to look up default compute service account. Falling back to 701758501216-compute@developer.gserviceaccount.com. Error: {"name":"FirebaseError","children":[],"context":{"body":{"error":{"code":403,"message":"Compute Engine API has not been used in project 701758501216 before or it is disabled. Enable it by visiting https://console.developers.google.com/apis/api/compute.googleapis.com/overview?project=701758501216 then retry. If you enabled this API recently, wait a few minutes for the action to propagate to our systems and retry.","errors":[{"message":"Compute Engine API has not been used in project 701758501216 before or it is disabled. Enable it by visiting https://console.developers.google.com/apis/api/compute.googleapis.com/overview?project=701758501216 then retry. If you enabled this API recently, wait a few minutes for the action to propagate to our systems and retry.","domain":"usageLimits","reason":"accessNotConfigured","extendedHelp":"https://console.developers.google.com"}],"status":"PERMISSION_DENIED","details":[{"@type":"type.googleapis.com/google.rpc.ErrorInfo","reason":"SERVICE_DISABLED","domain":"googleapis.com","metadata":{"consumer":"projects/701758501216","activationUrl":"https://console.developers.google.com/apis/api/compute.googleapis.com/overview?project=701758501216","service":"compute.googleapis.com","serviceTitle":"Compute Engine API","containerInfo":"701758501216"}},{"@type":"type.googleapis.com/google.rpc.LocalizedMessage","locale":"en-US","message":"Compute Engine API has not been used in project 701758501216 before or it is disabled. Enable it by visiting https://console.developers.google.com/apis/api/compute.googleapis.com/overview?project=701758501216 then retry. If you enabled this API recently, wait a few minutes for the action to propagate to our systems and retry."},{"@type":"type.googleapis.com/google.rpc.Help","links":[{"description":"Google developers console API activation","url":"https://console.developers.google.com/apis/api/compute.googleapis.com/overview?project=701758501216"}]}]}},"response":{"statusCode":403}},"exit":1,"message":"Request to https://compute.googleapis.com/compute/v1/projects/701758501216 had HTTP Error: 403, Compute Engine API has not been used in project 701758501216 before or it is disabled. Enable it by visiting https://console.developers.google.com/apis/api/compute.googleapis.com/overview?project=701758501216 then retry. If you enabled this API recently, wait a few minutes for the action to propagate to our systems and retry.","status":403}
[debug] [2026-04-17T05:29:55.296Z] Checked if tokens are valid: true, expires at: 1776406569381
[debug] [2026-04-17T05:29:55.296Z] Checked if tokens are valid: true, expires at: 1776406569381
[debug] [2026-04-17T05:29:55.297Z] Checked if tokens are valid: true, expires at: 1776406569381
[debug] [2026-04-17T05:29:55.297Z] Checked if tokens are valid: true, expires at: 1776406569381
[debug] [2026-04-17T05:29:55.297Z] >>> [apiv2][query] POST https://cloudfunctions.googleapis.com/v1/projects/psb-academy-chat/locations/europe-west1/functions:generateUploadUrl [none]
[debug] [2026-04-17T05:29:55.298Z] >>> [apiv2][body] POST https://cloudfunctions.googleapis.com/v1/projects/psb-academy-chat/locations/europe-west1/functions:generateUploadUrl {}
[debug] [2026-04-17T05:29:55.298Z] >>> [apiv2][query] POST https://cloudfunctions.googleapis.com/v2/projects/psb-academy-chat/locations/europe-west1/functions:generateUploadUrl [none]
[debug] [2026-04-17T05:29:55.704Z] <<< [apiv2][status] POST https://cloudfunctions.googleapis.com/v2/projects/psb-academy-chat/locations/europe-west1/functions:generateUploadUrl 200
[debug] [2026-04-17T05:29:55.704Z] <<< [apiv2][body] POST https://cloudfunctions.googleapis.com/v2/projects/psb-academy-chat/locations/europe-west1/functions:generateUploadUrl {"uploadUrl":"https://storage.googleapis.com/gcf-v2-uploads-701758501216.europe-west1.cloudfunctions.appspot.com/aff82559-25f5-4f52-90e5-a3cfa20164a2.zip?GoogleAccessId=service-701758501216@gcf-admin-robot.iam.gserviceaccount.com&Expires=1776405595&Signature=Kpz0NXCMFk2n3wz9Ql5KRTbYvi8PbMU7nr%2B1awrvSjkm9qEXHHSufCHHgUyK6jghdgO%2FF%2FxToyx7d%2FgyynO3pvDsKC3e6bEqkSCfrxzBSq4rK8P70xUP4g9geYrm8C%2BQmYRcjUg%2BsX95CFQNcLWOR8fXevVSi615i2Hv%2F7MkrFleyWyUILY1UZAGWUwzu0Y%2FvoKmH0hCCFfIG3PURGFACFB3DH10HgjkXJOwF2cHZADaLB%2F6oB3E0LIIAU%2FfDD9veHwnoGdb5bufg0fai4DEM6sXV7tY28%2F7XYSfrFpLJVoXOkst%2BTKptPXJ3TUeV7iRTxelUqtLtrouENTLYRmO5w%3D%3D","storageSource":{"bucket":"gcf-v2-uploads-701758501216.europe-west1.cloudfunctions.appspot.com","object":"aff82559-25f5-4f52-90e5-a3cfa20164a2.zip"}}
[debug] [2026-04-17T05:29:55.705Z] >>> [apiv2][query] PUT https://storage.googleapis.com/gcf-v2-uploads-701758501216.europe-west1.cloudfunctions.appspot.com/aff82559-25f5-4f52-90e5-a3cfa20164a2.zip GoogleAccessId=service-701758501216%40gcf-admin-robot.iam.gserviceaccount.com&Expires=1776405595&Signature=Kpz0NXCMFk2n3wz9Ql5KRTbYvi8PbMU7nr%2B1awrvSjkm9qEXHHSufCHHgUyK6jghdgO%2FF%2FxToyx7d%2FgyynO3pvDsKC3e6bEqkSCfrxzBSq4rK8P70xUP4g9geYrm8C%2BQmYRcjUg%2BsX95CFQNcLWOR8fXevVSi615i2Hv%2F7MkrFleyWyUILY1UZAGWUwzu0Y%2FvoKmH0hCCFfIG3PURGFACFB3DH10HgjkXJOwF2cHZADaLB%2F6oB3E0LIIAU%2FfDD9veHwnoGdb5bufg0fai4DEM6sXV7tY28%2F7XYSfrFpLJVoXOkst%2BTKptPXJ3TUeV7iRTxelUqtLtrouENTLYRmO5w%3D%3D
[debug] [2026-04-17T05:29:55.705Z] >>> [apiv2][body] PUT https://storage.googleapis.com/gcf-v2-uploads-701758501216.europe-west1.cloudfunctions.appspot.com/aff82559-25f5-4f52-90e5-a3cfa20164a2.zip [stream]
[debug] [2026-04-17T05:29:55.952Z] <<< [apiv2][status] PUT https://storage.googleapis.com/gcf-v2-uploads-701758501216.europe-west1.cloudfunctions.appspot.com/aff82559-25f5-4f52-90e5-a3cfa20164a2.zip 200
[debug] [2026-04-17T05:29:55.952Z] <<< [apiv2][body] PUT https://storage.googleapis.com/gcf-v2-uploads-701758501216.europe-west1.cloudfunctions.appspot.com/aff82559-25f5-4f52-90e5-a3cfa20164a2.zip [omitted]
[debug] [2026-04-17T05:29:56.207Z] <<< [apiv2][status] POST https://cloudfunctions.googleapis.com/v1/projects/psb-academy-chat/locations/europe-west1/functions:generateUploadUrl 200
[debug] [2026-04-17T05:29:56.208Z] <<< [apiv2][body] POST https://cloudfunctions.googleapis.com/v1/projects/psb-academy-chat/locations/europe-west1/functions:generateUploadUrl {"uploadUrl":"https://storage.googleapis.com/uploads-557388512630.europe-west1.cloudfunctions.appspot.com/9dd428d5-48fd-45df-9bf1-450e84fc9e2c.zip?GoogleAccessId=service-701758501216@gcf-admin-robot.iam.gserviceaccount.com&Expires=1776405596&Signature=cgTWDF8J83jd0Fl17ryz1VMj2WBQPN2yN3GybZUiwqpE14kFzVOeCf8%2FnYyzK8DK3dOfAQ0QVXHccMOd65G6Bhk07lI9JL4QMh2DkQxX7jI4W19v7KlfQG9%2FrHjiLV7x8Y4BoqNb3F1WKGdz998xCv1WxgEeTFFzrPNQ9meetgmv3eyDbA8CZY9Lfnsh0qdRM5nQbavsBwTkEXj8Gz1zjA5t3iOSJAbyFb5Nw0Tt2UzG3ZVKJJuOrmUpREb%2F%2FT8FimIt1gIKUQjuUV3u6Izc9XHEgzMPYrIUF4KuYEHBSZ3extSmZG3cJK8ZlpjHRk%2BOnQpTZsiDf86yvMexCRd0aw%3D%3D"}
[debug] [2026-04-17T05:29:56.208Z] >>> [apiv2][query] PUT https://storage.googleapis.com/uploads-557388512630.europe-west1.cloudfunctions.appspot.com/9dd428d5-48fd-45df-9bf1-450e84fc9e2c.zip GoogleAccessId=service-701758501216%40gcf-admin-robot.iam.gserviceaccount.com&Expires=1776405596&Signature=cgTWDF8J83jd0Fl17ryz1VMj2WBQPN2yN3GybZUiwqpE14kFzVOeCf8%2FnYyzK8DK3dOfAQ0QVXHccMOd65G6Bhk07lI9JL4QMh2DkQxX7jI4W19v7KlfQG9%2FrHjiLV7x8Y4BoqNb3F1WKGdz998xCv1WxgEeTFFzrPNQ9meetgmv3eyDbA8CZY9Lfnsh0qdRM5nQbavsBwTkEXj8Gz1zjA5t3iOSJAbyFb5Nw0Tt2UzG3ZVKJJuOrmUpREb%2F%2FT8FimIt1gIKUQjuUV3u6Izc9XHEgzMPYrIUF4KuYEHBSZ3extSmZG3cJK8ZlpjHRk%2BOnQpTZsiDf86yvMexCRd0aw%3D%3D
[debug] [2026-04-17T05:29:56.208Z] >>> [apiv2][body] PUT https://storage.googleapis.com/uploads-557388512630.europe-west1.cloudfunctions.appspot.com/9dd428d5-48fd-45df-9bf1-450e84fc9e2c.zip [stream]
[debug] [2026-04-17T05:29:56.342Z] <<< [apiv2][status] PUT https://storage.googleapis.com/uploads-557388512630.europe-west1.cloudfunctions.appspot.com/9dd428d5-48fd-45df-9bf1-450e84fc9e2c.zip 200
[debug] [2026-04-17T05:29:56.342Z] <<< [apiv2][body] PUT https://storage.googleapis.com/uploads-557388512630.europe-west1.cloudfunctions.appspot.com/9dd428d5-48fd-45df-9bf1-450e84fc9e2c.zip [omitted]
[info] ✔  functions: functions source uploaded successfully 
[info] i  functions: Skipping the deploy of unchanged functions. 
[info] ✔  functions[webinarEndedPush(europe-west1)] Skipped (No changes detected) 
[info] i  functions: updating Node.js 22 (1st Gen) function notifyChatMessage(europe-west1)... 
[info] i  functions: updating Node.js 22 (2nd Gen) function webinarReminderPush(europe-west1)... 
[debug] [2026-04-17T05:29:56.346Z] Checked if tokens are valid: true, expires at: 1776406569381
[debug] [2026-04-17T05:29:56.347Z] Checked if tokens are valid: true, expires at: 1776406569381
[debug] [2026-04-17T05:29:56.347Z] Checked if tokens are valid: true, expires at: 1776406569381
[debug] [2026-04-17T05:29:56.347Z] Checked if tokens are valid: true, expires at: 1776406569381
[debug] [2026-04-17T05:29:56.347Z] >>> [apiv2][query] PATCH https://cloudfunctions.googleapis.com/v1/projects/psb-academy-chat/locations/europe-west1/functions/notifyChatMessage updateMask=name%2CsourceUploadUrl%2CentryPoint%2Cruntime%2CdockerRegistry%2Clabels%2CeventTrigger.eventType%2CeventTrigger.resource%2CeventTrigger.failurePolicy%2CminInstances%2CmaxInstances%2CingressSettings%2CenvironmentVariables%2CserviceAccountEmail%2CavailableMemoryMb%2Ctimeout%2CvpcConnector%2CvpcConnectorEgressSettings%2CsourceToken%2CbuildEnvironmentVariables
[debug] [2026-04-17T05:29:56.347Z] >>> [apiv2][body] PATCH https://cloudfunctions.googleapis.com/v1/projects/psb-academy-chat/locations/europe-west1/functions/notifyChatMessage {"name":"projects/psb-academy-chat/locations/europe-west1/functions/notifyChatMessage","sourceUploadUrl":"https://storage.googleapis.com/uploads-557388512630.europe-west1.cloudfunctions.appspot.com/9dd428d5-48fd-45df-9bf1-450e84fc9e2c.zip?GoogleAccessId=service-701758501216@gcf-admin-robot.iam.gserviceaccount.com&Expires=1776405596&Signature=cgTWDF8J83jd0Fl17ryz1VMj2WBQPN2yN3GybZUiwqpE14kFzVOeCf8%2FnYyzK8DK3dOfAQ0QVXHccMOd65G6Bhk07lI9JL4QMh2DkQxX7jI4W19v7KlfQG9%2FrHjiLV7x8Y4BoqNb3F1WKGdz998xCv1WxgEeTFFzrPNQ9meetgmv3eyDbA8CZY9Lfnsh0qdRM5nQbavsBwTkEXj8Gz1zjA5t3iOSJAbyFb5Nw0Tt2UzG3ZVKJJuOrmUpREb%2F%2FT8FimIt1gIKUQjuUV3u6Izc9XHEgzMPYrIUF4KuYEHBSZ3extSmZG3cJK8ZlpjHRk%2BOnQpTZsiDf86yvMexCRd0aw%3D%3D","entryPoint":"notifyChatMessage","runtime":"nodejs22","dockerRegistry":"ARTIFACT_REGISTRY","labels":{"deployment-tool":"cli-firebase","firebase-functions-hash":"b1927a3e206be9fe01a351e68387d483fe1bd0b3"},"eventTrigger":{"eventType":"providers/google.firebase.database/eventTypes/ref.create","resource":"projects/_/instances/psb-academy-chat-default-rtdb/refs/messages/{messageId}"},"minInstances":null,"maxInstances":null,"ingressSettings":null,"environmentVariables":{"ONESIGNAL_REST_API_KEY":"os_v2_app_2slkvpnyz5grrfdlqiulem4s66lnkhyjke6exymqle22uhrap4pclmvthumktu25pnhxxiyjsf35suppthewowupuc5oqm5yqx4ynji","APP_PUBLIC_URL":"https://psb-academy-chat.web.app/","FIREBASE_CONFIG":"{\"projectId\":\"psb-academy-chat\",\"databaseURL\":\"https://psb-academy-chat-default-rtdb.europe-west1.firebasedatabase.app\",\"storageBucket\":\"psb-academy-chat.firebasestorage.app\"}","GCLOUD_PROJECT":"psb-academy-chat","EVENTARC_CLOUD_EVENT_SOURCE":"projects/psb-academy-chat/locations/europe-west1/functions/notifyChatMessage"},"serviceAccountEmail":null,"availableMemoryMb":256,"timeout":"60s","vpcConnector":null,"vpcConnectorEgressSettings":null,"buildEnvironmentVariables":{"GOOGLE_NODE_RUN_SCRIPTS":""}}
[debug] [2026-04-17T05:29:56.348Z] >>> [apiv2][query] PATCH https://cloudfunctions.googleapis.com/v2/projects/psb-academy-chat/locations/europe-west1/functions/webinarReminderPush updateMask=name%2CbuildConfig.runtime%2CbuildConfig.entryPoint%2CbuildConfig.source.storageSource.bucket%2CbuildConfig.source.storageSource.object%2CbuildConfig.environmentVariables%2CbuildConfig.sourceToken%2CserviceConfig.environmentVariables%2CserviceConfig.ingressSettings%2CserviceConfig.timeoutSeconds%2CserviceConfig.serviceAccountEmail%2CserviceConfig.availableMemory%2CserviceConfig.minInstanceCount%2CserviceConfig.maxInstanceCount%2CserviceConfig.maxInstanceRequestConcurrency%2CserviceConfig.availableCpu%2CserviceConfig.vpcConnector%2CserviceConfig.vpcConnectorEgressSettings%2CserviceConfig.directVpcNetworkInterface%2CserviceConfig.directVpcEgress%2Clabels
[debug] [2026-04-17T05:29:56.349Z] >>> [apiv2][body] PATCH https://cloudfunctions.googleapis.com/v2/projects/psb-academy-chat/locations/europe-west1/functions/webinarReminderPush {"name":"projects/psb-academy-chat/locations/europe-west1/functions/webinarReminderPush","buildConfig":{"runtime":"nodejs22","entryPoint":"webinarReminderPush","source":{"storageSource":{"bucket":"gcf-v2-uploads-701758501216.europe-west1.cloudfunctions.appspot.com","object":"aff82559-25f5-4f52-90e5-a3cfa20164a2.zip"}},"environmentVariables":{"GOOGLE_NODE_RUN_SCRIPTS":""}},"serviceConfig":{"environmentVariables":{"ONESIGNAL_REST_API_KEY":"os_v2_app_2slkvpnyz5grrfdlqiulem4s66lnkhyjke6exymqle22uhrap4pclmvthumktu25pnhxxiyjsf35suppthewowupuc5oqm5yqx4ynji","APP_PUBLIC_URL":"https://psb-academy-chat.web.app/","FIREBASE_CONFIG":"{\"projectId\":\"psb-academy-chat\",\"databaseURL\":\"https://psb-academy-chat-default-rtdb.europe-west1.firebasedatabase.app\",\"storageBucket\":\"psb-academy-chat.firebasestorage.app\"}","GCLOUD_PROJECT":"psb-academy-chat","EVENTARC_CLOUD_EVENT_SOURCE":"projects/psb-academy-chat/locations/europe-west1/services/webinarReminderPush","FUNCTION_TARGET":"webinarReminderPush","LOG_EXECUTION_ID":"true"},"ingressSettings":null,"timeoutSeconds":null,"serviceAccountEmail":null,"availableMemory":"256Mi","minInstanceCount":null,"maxInstanceCount":null,"maxInstanceRequestConcurrency":80,"availableCpu":"1","vpcConnector":null,"vpcConnectorEgressSettings":null,"directVpcNetworkInterface":null,"directVpcEgress":null},"labels":{"deployment-tool":"cli-firebase","deployment-scheduled":"true","firebase-functions-hash":"8bec1a628b3ad49ae197152cfe4d73841c50ecfb"}}
[debug] [2026-04-17T05:29:56.731Z] <<< [apiv2][status] PATCH https://cloudfunctions.googleapis.com/v1/projects/psb-academy-chat/locations/europe-west1/functions/notifyChatMessage 200
[debug] [2026-04-17T05:29:56.731Z] <<< [apiv2][body] PATCH https://cloudfunctions.googleapis.com/v1/projects/psb-academy-chat/locations/europe-west1/functions/notifyChatMessage {"name":"operations/cHNiLWFjYWRlbXktY2hhdC9ldXJvcGUtd2VzdDEvbm90aWZ5Q2hhdE1lc3NhZ2UvZ1l5b2dXUWIzTGs","metadata":{"@type":"type.googleapis.com/google.cloud.functions.v1.OperationMetadataV1","target":"projects/psb-academy-chat/locations/europe-west1/functions/notifyChatMessage","type":"UPDATE_FUNCTION","request":{"@type":"type.googleapis.com/google.cloud.functions.v1.CloudFunction","name":"projects/psb-academy-chat/locations/europe-west1/functions/notifyChatMessage","eventTrigger":{"eventType":"providers/google.firebase.database/eventTypes/ref.create","resource":"projects/_/instances/psb-academy-chat-default-rtdb/refs/messages/{messageId}","service":"firebaseio.com"},"status":"OFFLINE","entryPoint":"notifyChatMessage","timeout":"60s","availableMemoryMb":256,"updateTime":"2026-04-17T05:27:27.383Z","versionId":"1","labels":{"deployment-tool":"cli-firebase","firebase-functions-hash":"b1927a3e206be9fe01a351e68387d483fe1bd0b3"},"sourceUploadUrl":"https://storage.googleapis.com/uploads-557388512630.europe-west1.cloudfunctions.appspot.com/9dd428d5-48fd-45df-9bf1-450e84fc9e2c.zip?GoogleAccessId=service-701758501216@gcf-admin-robot.iam.gserviceaccount.com&Expires=1776405596&Signature=cgTWDF8J83jd0Fl17ryz1VMj2WBQPN2yN3GybZUiwqpE14kFzVOeCf8%2FnYyzK8DK3dOfAQ0QVXHccMOd65G6Bhk07lI9JL4QMh2DkQxX7jI4W19v7KlfQG9%2FrHjiLV7x8Y4BoqNb3F1WKGdz998xCv1WxgEeTFFzrPNQ9meetgmv3eyDbA8CZY9Lfnsh0qdRM5nQbavsBwTkEXj8Gz1zjA5t3iOSJAbyFb5Nw0Tt2UzG3ZVKJJuOrmUpREb%2F%2FT8FimIt1gIKUQjuUV3u6Izc9XHEgzMPYrIUF4KuYEHBSZ3extSmZG3cJK8ZlpjHRk%2BOnQpTZsiDf86yvMexCRd0aw%3D%3D","environmentVariables":{"ONESIGNAL_REST_API_KEY":"os_v2_app_2slkvpnyz5grrfdlqiulem4s66lnkhyjke6exymqle22uhrap4pclmvthumktu25pnhxxiyjsf35suppthewowupuc5oqm5yqx4ynji","APP_PUBLIC_URL":"https://psb-academy-chat.web.app/","FIREBASE_CONFIG":"{\"projectId\":\"psb-academy-chat\",\"databaseURL\":\"https://psb-academy-chat-default-rtdb.europe-west1.firebasedatabase.app\",\"storageBucket\":\"psb-academy-chat.firebasestorage.app\"}","GCLOUD_PROJECT":"psb-academy-chat","EVENTARC_CLOUD_EVENT_SOURCE":"projects/psb-academy-chat/locations/europe-west1/functions/notifyChatMessage"},"runtime":"nodejs22","buildId":"d06e6597-29a6-4c7e-8a23-5890fede5cdc","buildEnvironmentVariables":{"GOOGLE_NODE_RUN_SCRIPTS":""},"buildName":"projects/701758501216/locations/europe-west1/builds/d06e6597-29a6-4c7e-8a23-5890fede5cdc","dockerRegistry":"ARTIFACT_REGISTRY","automaticUpdatePolicy":{},"buildServiceAccount":"projects/psb-academy-chat/serviceAccounts/701758501216-compute@developer.gserviceaccount.com"},"versionId":"2","updateTime":"2026-04-17T05:29:56Z"}}
[debug] [2026-04-17T05:29:56.732Z] Checked if tokens are valid: true, expires at: 1776406569381
[debug] [2026-04-17T05:29:56.732Z] Checked if tokens are valid: true, expires at: 1776406569381
[debug] [2026-04-17T05:29:56.733Z] >>> [apiv2][query] GET https://cloudfunctions.googleapis.com/v1/operations/cHNiLWFjYWRlbXktY2hhdC9ldXJvcGUtd2VzdDEvbm90aWZ5Q2hhdE1lc3NhZ2UvZ1l5b2dXUWIzTGs [none]
[debug] [2026-04-17T05:29:56.851Z] <<< [apiv2][status] GET https://cloudfunctions.googleapis.com/v1/operations/cHNiLWFjYWRlbXktY2hhdC9ldXJvcGUtd2VzdDEvbm90aWZ5Q2hhdE1lc3NhZ2UvZ1l5b2dXUWIzTGs 200
[debug] [2026-04-17T05:29:56.851Z] <<< [apiv2][body] GET https://cloudfunctions.googleapis.com/v1/operations/cHNiLWFjYWRlbXktY2hhdC9ldXJvcGUtd2VzdDEvbm90aWZ5Q2hhdE1lc3NhZ2UvZ1l5b2dXUWIzTGs {"name":"operations/cHNiLWFjYWRlbXktY2hhdC9ldXJvcGUtd2VzdDEvbm90aWZ5Q2hhdE1lc3NhZ2UvZ1l5b2dXUWIzTGs","metadata":{"@type":"type.googleapis.com/google.cloud.functions.v1.OperationMetadataV1","target":"projects/psb-academy-chat/locations/europe-west1/functions/notifyChatMessage","type":"UPDATE_FUNCTION","request":{"@type":"type.googleapis.com/google.cloud.functions.v1.CloudFunction","name":"projects/psb-academy-chat/locations/europe-west1/functions/notifyChatMessage","eventTrigger":{"eventType":"providers/google.firebase.database/eventTypes/ref.create","resource":"projects/_/instances/psb-academy-chat-default-rtdb/refs/messages/{messageId}","service":"firebaseio.com"},"status":"OFFLINE","entryPoint":"notifyChatMessage","timeout":"60s","availableMemoryMb":256,"updateTime":"2026-04-17T05:27:27.383Z","versionId":"1","labels":{"deployment-tool":"cli-firebase","firebase-functions-hash":"b1927a3e206be9fe01a351e68387d483fe1bd0b3"},"sourceUploadUrl":"https://storage.googleapis.com/uploads-557388512630.europe-west1.cloudfunctions.appspot.com/9dd428d5-48fd-45df-9bf1-450e84fc9e2c.zip?GoogleAccessId=service-701758501216@gcf-admin-robot.iam.gserviceaccount.com&Expires=1776405596&Signature=cgTWDF8J83jd0Fl17ryz1VMj2WBQPN2yN3GybZUiwqpE14kFzVOeCf8%2FnYyzK8DK3dOfAQ0QVXHccMOd65G6Bhk07lI9JL4QMh2DkQxX7jI4W19v7KlfQG9%2FrHjiLV7x8Y4BoqNb3F1WKGdz998xCv1WxgEeTFFzrPNQ9meetgmv3eyDbA8CZY9Lfnsh0qdRM5nQbavsBwTkEXj8Gz1zjA5t3iOSJAbyFb5Nw0Tt2UzG3ZVKJJuOrmUpREb%2F%2FT8FimIt1gIKUQjuUV3u6Izc9XHEgzMPYrIUF4KuYEHBSZ3extSmZG3cJK8ZlpjHRk%2BOnQpTZsiDf86yvMexCRd0aw%3D%3D","environmentVariables":{"ONESIGNAL_REST_API_KEY":"os_v2_app_2slkvpnyz5grrfdlqiulem4s66lnkhyjke6exymqle22uhrap4pclmvthumktu25pnhxxiyjsf35suppthewowupuc5oqm5yqx4ynji","APP_PUBLIC_URL":"https://psb-academy-chat.web.app/","FIREBASE_CONFIG":"{\"projectId\":\"psb-academy-chat\",\"databaseURL\":\"https://psb-academy-chat-default-rtdb.europe-west1.firebasedatabase.app\",\"storageBucket\":\"psb-academy-chat.firebasestorage.app\"}","GCLOUD_PROJECT":"psb-academy-chat","EVENTARC_CLOUD_EVENT_SOURCE":"projects/psb-academy-chat/locations/europe-west1/functions/notifyChatMessage"},"runtime":"nodejs22","buildId":"d06e6597-29a6-4c7e-8a23-5890fede5cdc","buildEnvironmentVariables":{"GOOGLE_NODE_RUN_SCRIPTS":""},"buildName":"projects/701758501216/locations/europe-west1/builds/d06e6597-29a6-4c7e-8a23-5890fede5cdc","dockerRegistry":"ARTIFACT_REGISTRY","automaticUpdatePolicy":{},"buildServiceAccount":"projects/psb-academy-chat/serviceAccounts/701758501216-compute@developer.gserviceaccount.com"},"versionId":"2","updateTime":"2026-04-17T05:29:56Z"}}
[debug] [2026-04-17T05:29:57.345Z] <<< [apiv2][status] PATCH https://cloudfunctions.googleapis.com/v2/projects/psb-academy-chat/locations/europe-west1/functions/webinarReminderPush 200
[debug] [2026-04-17T05:29:57.346Z] <<< [apiv2][body] PATCH https://cloudfunctions.googleapis.com/v2/projects/psb-academy-chat/locations/europe-west1/functions/webinarReminderPush {"name":"projects/psb-academy-chat/locations/europe-west1/operations/operation-1776403796539-64fa13d453a1c-effd9b87-b8f2a553","metadata":{"@type":"type.googleapis.com/google.cloud.functions.v2.OperationMetadata","createTime":"2026-04-17T05:29:57.270143675Z","target":"projects/psb-academy-chat/locations/europe-west1/functions/webinarReminderPush","verb":"update","cancelRequested":false,"apiVersion":"v2"},"done":false}
[debug] [2026-04-17T05:29:57.346Z] Checked if tokens are valid: true, expires at: 1776406569381
[debug] [2026-04-17T05:29:57.346Z] Checked if tokens are valid: true, expires at: 1776406569381
[debug] [2026-04-17T05:29:57.346Z] >>> [apiv2][query] GET https://cloudfunctions.googleapis.com/v2/projects/psb-academy-chat/locations/europe-west1/operations/operation-1776403796539-64fa13d453a1c-effd9b87-b8f2a553 [none]
[debug] [2026-04-17T05:29:57.353Z] [update-default-europe-west1-notifyChatMessage] Retrying task index 0
[debug] [2026-04-17T05:29:57.353Z] Checked if tokens are valid: true, expires at: 1776406569381
[debug] [2026-04-17T05:29:57.353Z] Checked if tokens are valid: true, expires at: 1776406569381
[debug] [2026-04-17T05:29:57.353Z] >>> [apiv2][query] GET https://cloudfunctions.googleapis.com/v1/operations/cHNiLWFjYWRlbXktY2hhdC9ldXJvcGUtd2VzdDEvbm90aWZ5Q2hhdE1lc3NhZ2UvZ1l5b2dXUWIzTGs [none]
[debug] [2026-04-17T05:29:57.501Z] <<< [apiv2][status] GET https://cloudfunctions.googleapis.com/v1/operations/cHNiLWFjYWRlbXktY2hhdC9ldXJvcGUtd2VzdDEvbm90aWZ5Q2hhdE1lc3NhZ2UvZ1l5b2dXUWIzTGs 200
[debug] [2026-04-17T05:29:57.501Z] <<< [apiv2][body] GET https://cloudfunctions.googleapis.com/v1/operations/cHNiLWFjYWRlbXktY2hhdC9ldXJvcGUtd2VzdDEvbm90aWZ5Q2hhdE1lc3NhZ2UvZ1l5b2dXUWIzTGs {"name":"operations/cHNiLWFjYWRlbXktY2hhdC9ldXJvcGUtd2VzdDEvbm90aWZ5Q2hhdE1lc3NhZ2UvZ1l5b2dXUWIzTGs","metadata":{"@type":"type.googleapis.com/google.cloud.functions.v1.OperationMetadataV1","target":"projects/psb-academy-chat/locations/europe-west1/functions/notifyChatMessage","type":"UPDATE_FUNCTION","request":{"@type":"type.googleapis.com/google.cloud.functions.v1.CloudFunction","name":"projects/psb-academy-chat/locations/europe-west1/functions/notifyChatMessage","eventTrigger":{"eventType":"providers/google.firebase.database/eventTypes/ref.create","resource":"projects/_/instances/psb-academy-chat-default-rtdb/refs/messages/{messageId}","service":"firebaseio.com"},"status":"OFFLINE","entryPoint":"notifyChatMessage","timeout":"60s","availableMemoryMb":256,"updateTime":"2026-04-17T05:27:27.383Z","versionId":"1","labels":{"deployment-tool":"cli-firebase","firebase-functions-hash":"b1927a3e206be9fe01a351e68387d483fe1bd0b3"},"sourceUploadUrl":"https://storage.googleapis.com/uploads-557388512630.europe-west1.cloudfunctions.appspot.com/9dd428d5-48fd-45df-9bf1-450e84fc9e2c.zip?GoogleAccessId=service-701758501216@gcf-admin-robot.iam.gserviceaccount.com&Expires=1776405596&Signature=cgTWDF8J83jd0Fl17ryz1VMj2WBQPN2yN3GybZUiwqpE14kFzVOeCf8%2FnYyzK8DK3dOfAQ0QVXHccMOd65G6Bhk07lI9JL4QMh2DkQxX7jI4W19v7KlfQG9%2FrHjiLV7x8Y4BoqNb3F1WKGdz998xCv1WxgEeTFFzrPNQ9meetgmv3eyDbA8CZY9Lfnsh0qdRM5nQbavsBwTkEXj8Gz1zjA5t3iOSJAbyFb5Nw0Tt2UzG3ZVKJJuOrmUpREb%2F%2FT8FimIt1gIKUQjuUV3u6Izc9XHEgzMPYrIUF4KuYEHBSZ3extSmZG3cJK8ZlpjHRk%2BOnQpTZsiDf86yvMexCRd0aw%3D%3D","environmentVariables":{"ONESIGNAL_REST_API_KEY":"os_v2_app_2slkvpnyz5grrfdlqiulem4s66lnkhyjke6exymqle22uhrap4pclmvthumktu25pnhxxiyjsf35suppthewowupuc5oqm5yqx4ynji","APP_PUBLIC_URL":"https://psb-academy-chat.web.app/","FIREBASE_CONFIG":"{\"projectId\":\"psb-academy-chat\",\"databaseURL\":\"https://psb-academy-chat-default-rtdb.europe-west1.firebasedatabase.app\",\"storageBucket\":\"psb-academy-chat.firebasestorage.app\"}","GCLOUD_PROJECT":"psb-academy-chat","EVENTARC_CLOUD_EVENT_SOURCE":"projects/psb-academy-chat/locations/europe-west1/functions/notifyChatMessage"},"runtime":"nodejs22","buildId":"d06e6597-29a6-4c7e-8a23-5890fede5cdc","buildEnvironmentVariables":{"GOOGLE_NODE_RUN_SCRIPTS":""},"buildName":"projects/701758501216/locations/europe-west1/builds/d06e6597-29a6-4c7e-8a23-5890fede5cdc","dockerRegistry":"ARTIFACT_REGISTRY","automaticUpdatePolicy":{},"buildServiceAccount":"projects/psb-academy-chat/serviceAccounts/701758501216-compute@developer.gserviceaccount.com"},"versionId":"2","updateTime":"2026-04-17T05:29:57Z"}}
[debug] [2026-04-17T05:29:57.521Z] <<< [apiv2][status] GET https://cloudfunctions.googleapis.com/v2/projects/psb-academy-chat/locations/europe-west1/operations/operation-1776403796539-64fa13d453a1c-effd9b87-b8f2a553 200
[debug] [2026-04-17T05:29:57.521Z] <<< [apiv2][body] GET https://cloudfunctions.googleapis.com/v2/projects/psb-academy-chat/locations/europe-west1/operations/operation-1776403796539-64fa13d453a1c-effd9b87-b8f2a553 {"name":"projects/psb-academy-chat/locations/europe-west1/operations/operation-1776403796539-64fa13d453a1c-effd9b87-b8f2a553","metadata":{"@type":"type.googleapis.com/google.cloud.functions.v2.OperationMetadata","createTime":"2026-04-17T05:29:57.270143675Z","target":"projects/psb-academy-chat/locations/europe-west1/functions/webinarReminderPush","verb":"update","cancelRequested":false,"apiVersion":"v2","requestResource":{"@type":"type.googleapis.com/google.cloud.functions.v2.Function","name":"projects/psb-academy-chat/locations/europe-west1/functions/webinarReminderPush","buildConfig":{"runtime":"nodejs22","entryPoint":"webinarReminderPush","source":{"storageSource":{"bucket":"gcf-v2-sources-701758501216-europe-west1","object":"webinarReminderPush/function-source.zip","generation":"1776403797230469"}},"environmentVariables":{"GOOGLE_NODE_RUN_SCRIPTS":""},"dockerRepository":"projects/psb-academy-chat/locations/europe-west1/repositories/gcf-artifacts","sourceProvenance":{"resolvedStorageSource":{"bucket":"gcf-v2-sources-701758501216-europe-west1","object":"webinarReminderPush/function-source.zip","generation":"1776403607279772"}},"dockerRegistry":"ARTIFACT_REGISTRY","serviceAccount":"projects/psb-academy-chat/serviceAccounts/701758501216-compute@developer.gserviceaccount.com","automaticUpdatePolicy":{}},"serviceConfig":{"service":"projects/psb-academy-chat/locations/europe-west1/services/webinarreminderpush","timeoutSeconds":60,"environmentVariables":{"ONESIGNAL_REST_API_KEY":"os_v2_app_2slkvpnyz5grrfdlqiulem4s66lnkhyjke6exymqle22uhrap4pclmvthumktu25pnhxxiyjsf35suppthewowupuc5oqm5yqx4ynji","APP_PUBLIC_URL":"https://psb-academy-chat.web.app/","FIREBASE_CONFIG":"{\"projectId\":\"psb-academy-chat\",\"databaseURL\":\"https://psb-academy-chat-default-rtdb.europe-west1.firebasedatabase.app\",\"storageBucket\":\"psb-academy-chat.firebasestorage.app\"}","GCLOUD_PROJECT":"psb-academy-chat","EVENTARC_CLOUD_EVENT_SOURCE":"projects/psb-academy-chat/locations/europe-west1/services/webinarReminderPush","FUNCTION_TARGET":"webinarReminderPush","LOG_EXECUTION_ID":"true"},"ingressSettings":"ALLOW_ALL","serviceAccountEmail":"701758501216-compute@developer.gserviceaccount.com","availableMemory":"256Mi","maxInstanceRequestConcurrency":80,"availableCpu":"1"},"state":"FAILED","labels":{"deployment-scheduled":"true","firebase-functions-hash":"8bec1a628b3ad49ae197152cfe4d73841c50ecfb"},"stateMessages":[{"severity":"ERROR","type":"CloudRunServiceNotFound","message":"Cloud Run service projects/psb-academy-chat/locations/europe-west1/services/webinarreminderpush for the function was not found. The function will not work correctly. Please redeploy."}],"environment":"GEN_2","url":"https://europe-west1-psb-academy-chat.cloudfunctions.net/webinarReminderPush","satisfiesPzi":true},"stages":[{"name":"BUILD","state":"NOT_STARTED"},{"name":"SERVICE","state":"NOT_STARTED"}],"operationType":"UPDATE_FUNCTION"},"done":false}
[debug] [2026-04-17T05:29:58.022Z] [update-default-europe-west1-webinarReminderPush] Retrying task index 0
[debug] [2026-04-17T05:29:58.023Z] Checked if tokens are valid: true, expires at: 1776406569381
[debug] [2026-04-17T05:29:58.023Z] Checked if tokens are valid: true, expires at: 1776406569381
[debug] [2026-04-17T05:29:58.023Z] >>> [apiv2][query] GET https://cloudfunctions.googleapis.com/v2/projects/psb-academy-chat/locations/europe-west1/operations/operation-1776403796539-64fa13d453a1c-effd9b87-b8f2a553 [none]
[debug] [2026-04-17T05:29:58.189Z] <<< [apiv2][status] GET https://cloudfunctions.googleapis.com/v2/projects/psb-academy-chat/locations/europe-west1/operations/operation-1776403796539-64fa13d453a1c-effd9b87-b8f2a553 200
[debug] [2026-04-17T05:29:58.190Z] <<< [apiv2][body] GET https://cloudfunctions.googleapis.com/v2/projects/psb-academy-chat/locations/europe-west1/operations/operation-1776403796539-64fa13d453a1c-effd9b87-b8f2a553 {"name":"projects/psb-academy-chat/locations/europe-west1/operations/operation-1776403796539-64fa13d453a1c-effd9b87-b8f2a553","metadata":{"@type":"type.googleapis.com/google.cloud.functions.v2.OperationMetadata","createTime":"2026-04-17T05:29:57.270143675Z","target":"projects/psb-academy-chat/locations/europe-west1/functions/webinarReminderPush","verb":"update","cancelRequested":false,"apiVersion":"v2","requestResource":{"@type":"type.googleapis.com/google.cloud.functions.v2.Function","name":"projects/psb-academy-chat/locations/europe-west1/functions/webinarReminderPush","buildConfig":{"runtime":"nodejs22","entryPoint":"webinarReminderPush","source":{"storageSource":{"bucket":"gcf-v2-sources-701758501216-europe-west1","object":"webinarReminderPush/function-source.zip","generation":"1776403797230469"}},"environmentVariables":{"GOOGLE_NODE_RUN_SCRIPTS":""},"dockerRepository":"projects/psb-academy-chat/locations/europe-west1/repositories/gcf-artifacts","sourceProvenance":{"resolvedStorageSource":{"bucket":"gcf-v2-sources-701758501216-europe-west1","object":"webinarReminderPush/function-source.zip","generation":"1776403607279772"}},"dockerRegistry":"ARTIFACT_REGISTRY","serviceAccount":"projects/psb-academy-chat/serviceAccounts/701758501216-compute@developer.gserviceaccount.com","automaticUpdatePolicy":{}},"serviceConfig":{"service":"projects/psb-academy-chat/locations/europe-west1/services/webinarreminderpush","timeoutSeconds":60,"environmentVariables":{"ONESIGNAL_REST_API_KEY":"os_v2_app_2slkvpnyz5grrfdlqiulem4s66lnkhyjke6exymqle22uhrap4pclmvthumktu25pnhxxiyjsf35suppthewowupuc5oqm5yqx4ynji","APP_PUBLIC_URL":"https://psb-academy-chat.web.app/","FIREBASE_CONFIG":"{\"projectId\":\"psb-academy-chat\",\"databaseURL\":\"https://psb-academy-chat-default-rtdb.europe-west1.firebasedatabase.app\",\"storageBucket\":\"psb-academy-chat.firebasestorage.app\"}","GCLOUD_PROJECT":"psb-academy-chat","EVENTARC_CLOUD_EVENT_SOURCE":"projects/psb-academy-chat/locations/europe-west1/services/webinarReminderPush","FUNCTION_TARGET":"webinarReminderPush","LOG_EXECUTION_ID":"true"},"ingressSettings":"ALLOW_ALL","serviceAccountEmail":"701758501216-compute@developer.gserviceaccount.com","availableMemory":"256Mi","maxInstanceRequestConcurrency":80,"availableCpu":"1"},"state":"FAILED","labels":{"deployment-scheduled":"true","firebase-functions-hash":"8bec1a628b3ad49ae197152cfe4d73841c50ecfb"},"stateMessages":[{"severity":"ERROR","type":"CloudRunServiceNotFound","message":"Cloud Run service projects/psb-academy-chat/locations/europe-west1/services/webinarreminderpush for the function was not found. The function will not work correctly. Please redeploy."}],"environment":"GEN_2","url":"https://europe-west1-psb-academy-chat.cloudfunctions.net/webinarReminderPush","satisfiesPzi":true},"stages":[{"name":"BUILD","state":"NOT_STARTED"},{"name":"SERVICE","state":"NOT_STARTED"}],"operationType":"UPDATE_FUNCTION"},"done":false}
[debug] [2026-04-17T05:29:58.503Z] [update-default-europe-west1-notifyChatMessage] Retrying task index 0
[debug] [2026-04-17T05:29:58.503Z] Checked if tokens are valid: true, expires at: 1776406569381
[debug] [2026-04-17T05:29:58.504Z] Checked if tokens are valid: true, expires at: 1776406569381
[debug] [2026-04-17T05:29:58.504Z] >>> [apiv2][query] GET https://cloudfunctions.googleapis.com/v1/operations/cHNiLWFjYWRlbXktY2hhdC9ldXJvcGUtd2VzdDEvbm90aWZ5Q2hhdE1lc3NhZ2UvZ1l5b2dXUWIzTGs [none]
[debug] [2026-04-17T05:29:58.718Z] <<< [apiv2][status] GET https://cloudfunctions.googleapis.com/v1/operations/cHNiLWFjYWRlbXktY2hhdC9ldXJvcGUtd2VzdDEvbm90aWZ5Q2hhdE1lc3NhZ2UvZ1l5b2dXUWIzTGs 200
[debug] [2026-04-17T05:29:58.718Z] <<< [apiv2][body] GET https://cloudfunctions.googleapis.com/v1/operations/cHNiLWFjYWRlbXktY2hhdC9ldXJvcGUtd2VzdDEvbm90aWZ5Q2hhdE1lc3NhZ2UvZ1l5b2dXUWIzTGs {"name":"operations/cHNiLWFjYWRlbXktY2hhdC9ldXJvcGUtd2VzdDEvbm90aWZ5Q2hhdE1lc3NhZ2UvZ1l5b2dXUWIzTGs","metadata":{"@type":"type.googleapis.com/google.cloud.functions.v1.OperationMetadataV1","target":"projects/psb-academy-chat/locations/europe-west1/functions/notifyChatMessage","type":"UPDATE_FUNCTION","request":{"@type":"type.googleapis.com/google.cloud.functions.v1.CloudFunction","name":"projects/psb-academy-chat/locations/europe-west1/functions/notifyChatMessage","eventTrigger":{"eventType":"providers/google.firebase.database/eventTypes/ref.create","resource":"projects/_/instances/psb-academy-chat-default-rtdb/refs/messages/{messageId}","service":"firebaseio.com"},"status":"OFFLINE","entryPoint":"notifyChatMessage","timeout":"60s","availableMemoryMb":256,"updateTime":"2026-04-17T05:27:27.383Z","versionId":"1","labels":{"deployment-tool":"cli-firebase","firebase-functions-hash":"b1927a3e206be9fe01a351e68387d483fe1bd0b3"},"sourceUploadUrl":"https://storage.googleapis.com/uploads-557388512630.europe-west1.cloudfunctions.appspot.com/9dd428d5-48fd-45df-9bf1-450e84fc9e2c.zip?GoogleAccessId=service-701758501216@gcf-admin-robot.iam.gserviceaccount.com&Expires=1776405596&Signature=cgTWDF8J83jd0Fl17ryz1VMj2WBQPN2yN3GybZUiwqpE14kFzVOeCf8%2FnYyzK8DK3dOfAQ0QVXHccMOd65G6Bhk07lI9JL4QMh2DkQxX7jI4W19v7KlfQG9%2FrHjiLV7x8Y4BoqNb3F1WKGdz998xCv1WxgEeTFFzrPNQ9meetgmv3eyDbA8CZY9Lfnsh0qdRM5nQbavsBwTkEXj8Gz1zjA5t3iOSJAbyFb5Nw0Tt2UzG3ZVKJJuOrmUpREb%2F%2FT8FimIt1gIKUQjuUV3u6Izc9XHEgzMPYrIUF4KuYEHBSZ3extSmZG3cJK8ZlpjHRk%2BOnQpTZsiDf86yvMexCRd0aw%3D%3D","environmentVariables":{"ONESIGNAL_REST_API_KEY":"os_v2_app_2slkvpnyz5grrfdlqiulem4s66lnkhyjke6exymqle22uhrap4pclmvthumktu25pnhxxiyjsf35suppthewowupuc5oqm5yqx4ynji","APP_PUBLIC_URL":"https://psb-academy-chat.web.app/","FIREBASE_CONFIG":"{\"projectId\":\"psb-academy-chat\",\"databaseURL\":\"https://psb-academy-chat-default-rtdb.europe-west1.firebasedatabase.app\",\"storageBucket\":\"psb-academy-chat.firebasestorage.app\"}","GCLOUD_PROJECT":"psb-academy-chat","EVENTARC_CLOUD_EVENT_SOURCE":"projects/psb-academy-chat/locations/europe-west1/functions/notifyChatMessage"},"runtime":"nodejs22","buildId":"d06e6597-29a6-4c7e-8a23-5890fede5cdc","buildEnvironmentVariables":{"GOOGLE_NODE_RUN_SCRIPTS":""},"buildName":"projects/701758501216/locations/europe-west1/builds/d06e6597-29a6-4c7e-8a23-5890fede5cdc","dockerRegistry":"ARTIFACT_REGISTRY","automaticUpdatePolicy":{},"buildServiceAccount":"projects/psb-academy-chat/serviceAccounts/701758501216-compute@developer.gserviceaccount.com"},"versionId":"2","updateTime":"2026-04-17T05:29:57Z","buildId":"784b72c5-ba3e-44bc-831d-a7cc93c4d015","buildName":"projects/701758501216/locations/europe-west1/builds/784b72c5-ba3e-44bc-831d-a7cc93c4d015"}}
[debug] [2026-04-17T05:29:59.191Z] [update-default-europe-west1-webinarReminderPush] Retrying task index 0
[debug] [2026-04-17T05:29:59.192Z] Checked if tokens are valid: true, expires at: 1776406569381
[debug] [2026-04-17T05:29:59.192Z] Checked if tokens are valid: true, expires at: 1776406569381
[debug] [2026-04-17T05:29:59.192Z] >>> [apiv2][query] GET https://cloudfunctions.googleapis.com/v2/projects/psb-academy-chat/locations/europe-west1/operations/operation-1776403796539-64fa13d453a1c-effd9b87-b8f2a553 [none]
[debug] [2026-04-17T05:29:59.341Z] <<< [apiv2][status] GET https://cloudfunctions.googleapis.com/v2/projects/psb-academy-chat/locations/europe-west1/operations/operation-1776403796539-64fa13d453a1c-effd9b87-b8f2a553 200
[debug] [2026-04-17T05:29:59.342Z] <<< [apiv2][body] GET https://cloudfunctions.googleapis.com/v2/projects/psb-academy-chat/locations/europe-west1/operations/operation-1776403796539-64fa13d453a1c-effd9b87-b8f2a553 {"name":"projects/psb-academy-chat/locations/europe-west1/operations/operation-1776403796539-64fa13d453a1c-effd9b87-b8f2a553","metadata":{"@type":"type.googleapis.com/google.cloud.functions.v2.OperationMetadata","createTime":"2026-04-17T05:29:57.270143675Z","target":"projects/psb-academy-chat/locations/europe-west1/functions/webinarReminderPush","verb":"update","cancelRequested":false,"apiVersion":"v2","requestResource":{"@type":"type.googleapis.com/google.cloud.functions.v2.Function","name":"projects/psb-academy-chat/locations/europe-west1/functions/webinarReminderPush","buildConfig":{"runtime":"nodejs22","entryPoint":"webinarReminderPush","source":{"storageSource":{"bucket":"gcf-v2-sources-701758501216-europe-west1","object":"webinarReminderPush/function-source.zip","generation":"1776403797230469"}},"environmentVariables":{"GOOGLE_NODE_RUN_SCRIPTS":""},"dockerRepository":"projects/psb-academy-chat/locations/europe-west1/repositories/gcf-artifacts","sourceProvenance":{"resolvedStorageSource":{"bucket":"gcf-v2-sources-701758501216-europe-west1","object":"webinarReminderPush/function-source.zip","generation":"1776403607279772"}},"dockerRegistry":"ARTIFACT_REGISTRY","serviceAccount":"projects/psb-academy-chat/serviceAccounts/701758501216-compute@developer.gserviceaccount.com","automaticUpdatePolicy":{}},"serviceConfig":{"service":"projects/psb-academy-chat/locations/europe-west1/services/webinarreminderpush","timeoutSeconds":60,"environmentVariables":{"ONESIGNAL_REST_API_KEY":"os_v2_app_2slkvpnyz5grrfdlqiulem4s66lnkhyjke6exymqle22uhrap4pclmvthumktu25pnhxxiyjsf35suppthewowupuc5oqm5yqx4ynji","APP_PUBLIC_URL":"https://psb-academy-chat.web.app/","FIREBASE_CONFIG":"{\"projectId\":\"psb-academy-chat\",\"databaseURL\":\"https://psb-academy-chat-default-rtdb.europe-west1.firebasedatabase.app\",\"storageBucket\":\"psb-academy-chat.firebasestorage.app\"}","GCLOUD_PROJECT":"psb-academy-chat","EVENTARC_CLOUD_EVENT_SOURCE":"projects/psb-academy-chat/locations/europe-west1/services/webinarReminderPush","FUNCTION_TARGET":"webinarReminderPush","LOG_EXECUTION_ID":"true"},"ingressSettings":"ALLOW_ALL","serviceAccountEmail":"701758501216-compute@developer.gserviceaccount.com","availableMemory":"256Mi","maxInstanceRequestConcurrency":80,"availableCpu":"1"},"state":"FAILED","labels":{"deployment-scheduled":"true","firebase-functions-hash":"8bec1a628b3ad49ae197152cfe4d73841c50ecfb"},"stateMessages":[{"severity":"ERROR","type":"CloudRunServiceNotFound","message":"Cloud Run service projects/psb-academy-chat/locations/europe-west1/services/webinarreminderpush for the function was not found. The function will not work correctly. Please redeploy."}],"environment":"GEN_2","url":"https://europe-west1-psb-academy-chat.cloudfunctions.net/webinarReminderPush","satisfiesPzi":true},"stages":[{"name":"BUILD","message":"Build in progress","state":"IN_PROGRESS","resource":"projects/701758501216/locations/europe-west1/builds/07736448-0a6a-4fd2-bfa1-a49571de3a24","resourceUri":"https://console.cloud.google.com/cloud-build/builds;region=europe-west1/07736448-0a6a-4fd2-bfa1-a49571de3a24?project=701758501216"},{"name":"SERVICE","state":"NOT_STARTED"}],"operationType":"UPDATE_FUNCTION","buildName":"projects/701758501216/locations/europe-west1/builds/07736448-0a6a-4fd2-bfa1-a49571de3a24"},"done":false}
[debug] [2026-04-17T05:30:00.720Z] [update-default-europe-west1-notifyChatMessage] Retrying task index 0
[debug] [2026-04-17T05:30:00.721Z] Checked if tokens are valid: true, expires at: 1776406569381
[debug] [2026-04-17T05:30:00.721Z] Checked if tokens are valid: true, expires at: 1776406569381
[debug] [2026-04-17T05:30:00.721Z] >>> [apiv2][query] GET https://cloudfunctions.googleapis.com/v1/operations/cHNiLWFjYWRlbXktY2hhdC9ldXJvcGUtd2VzdDEvbm90aWZ5Q2hhdE1lc3NhZ2UvZ1l5b2dXUWIzTGs [none]
[debug] [2026-04-17T05:30:00.930Z] <<< [apiv2][status] GET https://cloudfunctions.googleapis.com/v1/operations/cHNiLWFjYWRlbXktY2hhdC9ldXJvcGUtd2VzdDEvbm90aWZ5Q2hhdE1lc3NhZ2UvZ1l5b2dXUWIzTGs 200
[debug] [2026-04-17T05:30:00.930Z] <<< [apiv2][body] GET https://cloudfunctions.googleapis.com/v1/operations/cHNiLWFjYWRlbXktY2hhdC9ldXJvcGUtd2VzdDEvbm90aWZ5Q2hhdE1lc3NhZ2UvZ1l5b2dXUWIzTGs {"name":"operations/cHNiLWFjYWRlbXktY2hhdC9ldXJvcGUtd2VzdDEvbm90aWZ5Q2hhdE1lc3NhZ2UvZ1l5b2dXUWIzTGs","metadata":{"@type":"type.googleapis.com/google.cloud.functions.v1.OperationMetadataV1","target":"projects/psb-academy-chat/locations/europe-west1/functions/notifyChatMessage","type":"UPDATE_FUNCTION","request":{"@type":"type.googleapis.com/google.cloud.functions.v1.CloudFunction","name":"projects/psb-academy-chat/locations/europe-west1/functions/notifyChatMessage","eventTrigger":{"eventType":"providers/google.firebase.database/eventTypes/ref.create","resource":"projects/_/instances/psb-academy-chat-default-rtdb/refs/messages/{messageId}","service":"firebaseio.com"},"status":"OFFLINE","entryPoint":"notifyChatMessage","timeout":"60s","availableMemoryMb":256,"updateTime":"2026-04-17T05:27:27.383Z","versionId":"1","labels":{"deployment-tool":"cli-firebase","firebase-functions-hash":"b1927a3e206be9fe01a351e68387d483fe1bd0b3"},"sourceUploadUrl":"https://storage.googleapis.com/uploads-557388512630.europe-west1.cloudfunctions.appspot.com/9dd428d5-48fd-45df-9bf1-450e84fc9e2c.zip?GoogleAccessId=service-701758501216@gcf-admin-robot.iam.gserviceaccount.com&Expires=1776405596&Signature=cgTWDF8J83jd0Fl17ryz1VMj2WBQPN2yN3GybZUiwqpE14kFzVOeCf8%2FnYyzK8DK3dOfAQ0QVXHccMOd65G6Bhk07lI9JL4QMh2DkQxX7jI4W19v7KlfQG9%2FrHjiLV7x8Y4BoqNb3F1WKGdz998xCv1WxgEeTFFzrPNQ9meetgmv3eyDbA8CZY9Lfnsh0qdRM5nQbavsBwTkEXj8Gz1zjA5t3iOSJAbyFb5Nw0Tt2UzG3ZVKJJuOrmUpREb%2F%2FT8FimIt1gIKUQjuUV3u6Izc9XHEgzMPYrIUF4KuYEHBSZ3extSmZG3cJK8ZlpjHRk%2BOnQpTZsiDf86yvMexCRd0aw%3D%3D","environmentVariables":{"ONESIGNAL_REST_API_KEY":"os_v2_app_2slkvpnyz5grrfdlqiulem4s66lnkhyjke6exymqle22uhrap4pclmvthumktu25pnhxxiyjsf35suppthewowupuc5oqm5yqx4ynji","APP_PUBLIC_URL":"https://psb-academy-chat.web.app/","FIREBASE_CONFIG":"{\"projectId\":\"psb-academy-chat\",\"databaseURL\":\"https://psb-academy-chat-default-rtdb.europe-west1.firebasedatabase.app\",\"storageBucket\":\"psb-academy-chat.firebasestorage.app\"}","GCLOUD_PROJECT":"psb-academy-chat","EVENTARC_CLOUD_EVENT_SOURCE":"projects/psb-academy-chat/locations/europe-west1/functions/notifyChatMessage"},"runtime":"nodejs22","buildId":"d06e6597-29a6-4c7e-8a23-5890fede5cdc","buildEnvironmentVariables":{"GOOGLE_NODE_RUN_SCRIPTS":""},"buildName":"projects/701758501216/locations/europe-west1/builds/d06e6597-29a6-4c7e-8a23-5890fede5cdc","dockerRegistry":"ARTIFACT_REGISTRY","automaticUpdatePolicy":{},"buildServiceAccount":"projects/psb-academy-chat/serviceAccounts/701758501216-compute@developer.gserviceaccount.com"},"versionId":"2","updateTime":"2026-04-17T05:29:57Z","buildId":"784b72c5-ba3e-44bc-831d-a7cc93c4d015","buildName":"projects/701758501216/locations/europe-west1/builds/784b72c5-ba3e-44bc-831d-a7cc93c4d015"}}
[debug] [2026-04-17T05:30:01.343Z] [update-default-europe-west1-webinarReminderPush] Retrying task index 0
[debug] [2026-04-17T05:30:01.344Z] Checked if tokens are valid: true, expires at: 1776406569381
[debug] [2026-04-17T05:30:01.344Z] Checked if tokens are valid: true, expires at: 1776406569381
[debug] [2026-04-17T05:30:01.344Z] >>> [apiv2][query] GET https://cloudfunctions.googleapis.com/v2/projects/psb-academy-chat/locations/europe-west1/operations/operation-1776403796539-64fa13d453a1c-effd9b87-b8f2a553 [none]
[debug] [2026-04-17T05:30:01.548Z] <<< [apiv2][status] GET https://cloudfunctions.googleapis.com/v2/projects/psb-academy-chat/locations/europe-west1/operations/operation-1776403796539-64fa13d453a1c-effd9b87-b8f2a553 200
[debug] [2026-04-17T05:30:01.548Z] <<< [apiv2][body] GET https://cloudfunctions.googleapis.com/v2/projects/psb-academy-chat/locations/europe-west1/operations/operation-1776403796539-64fa13d453a1c-effd9b87-b8f2a553 {"name":"projects/psb-academy-chat/locations/europe-west1/operations/operation-1776403796539-64fa13d453a1c-effd9b87-b8f2a553","metadata":{"@type":"type.googleapis.com/google.cloud.functions.v2.OperationMetadata","createTime":"2026-04-17T05:29:57.270143675Z","target":"projects/psb-academy-chat/locations/europe-west1/functions/webinarReminderPush","verb":"update","cancelRequested":false,"apiVersion":"v2","requestResource":{"@type":"type.googleapis.com/google.cloud.functions.v2.Function","name":"projects/psb-academy-chat/locations/europe-west1/functions/webinarReminderPush","buildConfig":{"runtime":"nodejs22","entryPoint":"webinarReminderPush","source":{"storageSource":{"bucket":"gcf-v2-sources-701758501216-europe-west1","object":"webinarReminderPush/function-source.zip","generation":"1776403797230469"}},"environmentVariables":{"GOOGLE_NODE_RUN_SCRIPTS":""},"dockerRepository":"projects/psb-academy-chat/locations/europe-west1/repositories/gcf-artifacts","sourceProvenance":{"resolvedStorageSource":{"bucket":"gcf-v2-sources-701758501216-europe-west1","object":"webinarReminderPush/function-source.zip","generation":"1776403607279772"}},"dockerRegistry":"ARTIFACT_REGISTRY","serviceAccount":"projects/psb-academy-chat/serviceAccounts/701758501216-compute@developer.gserviceaccount.com","automaticUpdatePolicy":{}},"serviceConfig":{"service":"projects/psb-academy-chat/locations/europe-west1/services/webinarreminderpush","timeoutSeconds":60,"environmentVariables":{"ONESIGNAL_REST_API_KEY":"os_v2_app_2slkvpnyz5grrfdlqiulem4s66lnkhyjke6exymqle22uhrap4pclmvthumktu25pnhxxiyjsf35suppthewowupuc5oqm5yqx4ynji","APP_PUBLIC_URL":"https://psb-academy-chat.web.app/","FIREBASE_CONFIG":"{\"projectId\":\"psb-academy-chat\",\"databaseURL\":\"https://psb-academy-chat-default-rtdb.europe-west1.firebasedatabase.app\",\"storageBucket\":\"psb-academy-chat.firebasestorage.app\"}","GCLOUD_PROJECT":"psb-academy-chat","EVENTARC_CLOUD_EVENT_SOURCE":"projects/psb-academy-chat/locations/europe-west1/services/webinarReminderPush","FUNCTION_TARGET":"webinarReminderPush","LOG_EXECUTION_ID":"true"},"ingressSettings":"ALLOW_ALL","serviceAccountEmail":"701758501216-compute@developer.gserviceaccount.com","availableMemory":"256Mi","maxInstanceRequestConcurrency":80,"availableCpu":"1"},"state":"FAILED","labels":{"deployment-scheduled":"true","firebase-functions-hash":"8bec1a628b3ad49ae197152cfe4d73841c50ecfb"},"stateMessages":[{"severity":"ERROR","type":"CloudRunServiceNotFound","message":"Cloud Run service projects/psb-academy-chat/locations/europe-west1/services/webinarreminderpush for the function was not found. The function will not work correctly. Please redeploy."}],"environment":"GEN_2","url":"https://europe-west1-psb-academy-chat.cloudfunctions.net/webinarReminderPush","satisfiesPzi":true},"stages":[{"name":"BUILD","message":"Build in progress","state":"IN_PROGRESS","resource":"projects/701758501216/locations/europe-west1/builds/07736448-0a6a-4fd2-bfa1-a49571de3a24","resourceUri":"https://console.cloud.google.com/cloud-build/builds;region=europe-west1/07736448-0a6a-4fd2-bfa1-a49571de3a24?project=701758501216"},{"name":"SERVICE","state":"NOT_STARTED"}],"operationType":"UPDATE_FUNCTION","buildName":"projects/701758501216/locations/europe-west1/builds/07736448-0a6a-4fd2-bfa1-a49571de3a24"},"done":false}
[debug] [2026-04-17T05:30:04.932Z] [update-default-europe-west1-notifyChatMessage] Retrying task index 0
[debug] [2026-04-17T05:30:04.932Z] Checked if tokens are valid: true, expires at: 1776406569381
[debug] [2026-04-17T05:30:04.932Z] Checked if tokens are valid: true, expires at: 1776406569381
[debug] [2026-04-17T05:30:04.933Z] >>> [apiv2][query] GET https://cloudfunctions.googleapis.com/v1/operations/cHNiLWFjYWRlbXktY2hhdC9ldXJvcGUtd2VzdDEvbm90aWZ5Q2hhdE1lc3NhZ2UvZ1l5b2dXUWIzTGs [none]
[debug] [2026-04-17T05:30:05.139Z] <<< [apiv2][status] GET https://cloudfunctions.googleapis.com/v1/operations/cHNiLWFjYWRlbXktY2hhdC9ldXJvcGUtd2VzdDEvbm90aWZ5Q2hhdE1lc3NhZ2UvZ1l5b2dXUWIzTGs 200
[debug] [2026-04-17T05:30:05.139Z] <<< [apiv2][body] GET https://cloudfunctions.googleapis.com/v1/operations/cHNiLWFjYWRlbXktY2hhdC9ldXJvcGUtd2VzdDEvbm90aWZ5Q2hhdE1lc3NhZ2UvZ1l5b2dXUWIzTGs {"name":"operations/cHNiLWFjYWRlbXktY2hhdC9ldXJvcGUtd2VzdDEvbm90aWZ5Q2hhdE1lc3NhZ2UvZ1l5b2dXUWIzTGs","metadata":{"@type":"type.googleapis.com/google.cloud.functions.v1.OperationMetadataV1","target":"projects/psb-academy-chat/locations/europe-west1/functions/notifyChatMessage","type":"UPDATE_FUNCTION","request":{"@type":"type.googleapis.com/google.cloud.functions.v1.CloudFunction","name":"projects/psb-academy-chat/locations/europe-west1/functions/notifyChatMessage","eventTrigger":{"eventType":"providers/google.firebase.database/eventTypes/ref.create","resource":"projects/_/instances/psb-academy-chat-default-rtdb/refs/messages/{messageId}","service":"firebaseio.com"},"status":"OFFLINE","entryPoint":"notifyChatMessage","timeout":"60s","availableMemoryMb":256,"updateTime":"2026-04-17T05:27:27.383Z","versionId":"1","labels":{"deployment-tool":"cli-firebase","firebase-functions-hash":"b1927a3e206be9fe01a351e68387d483fe1bd0b3"},"sourceUploadUrl":"https://storage.googleapis.com/uploads-557388512630.europe-west1.cloudfunctions.appspot.com/9dd428d5-48fd-45df-9bf1-450e84fc9e2c.zip?GoogleAccessId=service-701758501216@gcf-admin-robot.iam.gserviceaccount.com&Expires=1776405596&Signature=cgTWDF8J83jd0Fl17ryz1VMj2WBQPN2yN3GybZUiwqpE14kFzVOeCf8%2FnYyzK8DK3dOfAQ0QVXHccMOd65G6Bhk07lI9JL4QMh2DkQxX7jI4W19v7KlfQG9%2FrHjiLV7x8Y4BoqNb3F1WKGdz998xCv1WxgEeTFFzrPNQ9meetgmv3eyDbA8CZY9Lfnsh0qdRM5nQbavsBwTkEXj8Gz1zjA5t3iOSJAbyFb5Nw0Tt2UzG3ZVKJJuOrmUpREb%2F%2FT8FimIt1gIKUQjuUV3u6Izc9XHEgzMPYrIUF4KuYEHBSZ3extSmZG3cJK8ZlpjHRk%2BOnQpTZsiDf86yvMexCRd0aw%3D%3D","environmentVariables":{"ONESIGNAL_REST_API_KEY":"os_v2_app_2slkvpnyz5grrfdlqiulem4s66lnkhyjke6exymqle22uhrap4pclmvthumktu25pnhxxiyjsf35suppthewowupuc5oqm5yqx4ynji","APP_PUBLIC_URL":"https://psb-academy-chat.web.app/","FIREBASE_CONFIG":"{\"projectId\":\"psb-academy-chat\",\"databaseURL\":\"https://psb-academy-chat-default-rtdb.europe-west1.firebasedatabase.app\",\"storageBucket\":\"psb-academy-chat.firebasestorage.app\"}","GCLOUD_PROJECT":"psb-academy-chat","EVENTARC_CLOUD_EVENT_SOURCE":"projects/psb-academy-chat/locations/europe-west1/functions/notifyChatMessage"},"runtime":"nodejs22","buildId":"d06e6597-29a6-4c7e-8a23-5890fede5cdc","buildEnvironmentVariables":{"GOOGLE_NODE_RUN_SCRIPTS":""},"buildName":"projects/701758501216/locations/europe-west1/builds/d06e6597-29a6-4c7e-8a23-5890fede5cdc","dockerRegistry":"ARTIFACT_REGISTRY","automaticUpdatePolicy":{},"buildServiceAccount":"projects/psb-academy-chat/serviceAccounts/701758501216-compute@developer.gserviceaccount.com"},"versionId":"2","updateTime":"2026-04-17T05:29:57Z","buildId":"784b72c5-ba3e-44bc-831d-a7cc93c4d015","buildName":"projects/701758501216/locations/europe-west1/builds/784b72c5-ba3e-44bc-831d-a7cc93c4d015"}}
[debug] [2026-04-17T05:30:05.549Z] [update-default-europe-west1-webinarReminderPush] Retrying task index 0
[debug] [2026-04-17T05:30:05.550Z] Checked if tokens are valid: true, expires at: 1776406569381
[debug] [2026-04-17T05:30:05.550Z] Checked if tokens are valid: true, expires at: 1776406569381
[debug] [2026-04-17T05:30:05.550Z] >>> [apiv2][query] GET https://cloudfunctions.googleapis.com/v2/projects/psb-academy-chat/locations/europe-west1/operations/operation-1776403796539-64fa13d453a1c-effd9b87-b8f2a553 [none]
[debug] [2026-04-17T05:30:05.728Z] <<< [apiv2][status] GET https://cloudfunctions.googleapis.com/v2/projects/psb-academy-chat/locations/europe-west1/operations/operation-1776403796539-64fa13d453a1c-effd9b87-b8f2a553 200
[debug] [2026-04-17T05:30:05.728Z] <<< [apiv2][body] GET https://cloudfunctions.googleapis.com/v2/projects/psb-academy-chat/locations/europe-west1/operations/operation-1776403796539-64fa13d453a1c-effd9b87-b8f2a553 {"name":"projects/psb-academy-chat/locations/europe-west1/operations/operation-1776403796539-64fa13d453a1c-effd9b87-b8f2a553","metadata":{"@type":"type.googleapis.com/google.cloud.functions.v2.OperationMetadata","createTime":"2026-04-17T05:29:57.270143675Z","target":"projects/psb-academy-chat/locations/europe-west1/functions/webinarReminderPush","verb":"update","cancelRequested":false,"apiVersion":"v2","requestResource":{"@type":"type.googleapis.com/google.cloud.functions.v2.Function","name":"projects/psb-academy-chat/locations/europe-west1/functions/webinarReminderPush","buildConfig":{"runtime":"nodejs22","entryPoint":"webinarReminderPush","source":{"storageSource":{"bucket":"gcf-v2-sources-701758501216-europe-west1","object":"webinarReminderPush/function-source.zip","generation":"1776403797230469"}},"environmentVariables":{"GOOGLE_NODE_RUN_SCRIPTS":""},"dockerRepository":"projects/psb-academy-chat/locations/europe-west1/repositories/gcf-artifacts","sourceProvenance":{"resolvedStorageSource":{"bucket":"gcf-v2-sources-701758501216-europe-west1","object":"webinarReminderPush/function-source.zip","generation":"1776403607279772"}},"dockerRegistry":"ARTIFACT_REGISTRY","serviceAccount":"projects/psb-academy-chat/serviceAccounts/701758501216-compute@developer.gserviceaccount.com","automaticUpdatePolicy":{}},"serviceConfig":{"service":"projects/psb-academy-chat/locations/europe-west1/services/webinarreminderpush","timeoutSeconds":60,"environmentVariables":{"ONESIGNAL_REST_API_KEY":"os_v2_app_2slkvpnyz5grrfdlqiulem4s66lnkhyjke6exymqle22uhrap4pclmvthumktu25pnhxxiyjsf35suppthewowupuc5oqm5yqx4ynji","APP_PUBLIC_URL":"https://psb-academy-chat.web.app/","FIREBASE_CONFIG":"{\"projectId\":\"psb-academy-chat\",\"databaseURL\":\"https://psb-academy-chat-default-rtdb.europe-west1.firebasedatabase.app\",\"storageBucket\":\"psb-academy-chat.firebasestorage.app\"}","GCLOUD_PROJECT":"psb-academy-chat","EVENTARC_CLOUD_EVENT_SOURCE":"projects/psb-academy-chat/locations/europe-west1/services/webinarReminderPush","FUNCTION_TARGET":"webinarReminderPush","LOG_EXECUTION_ID":"true"},"ingressSettings":"ALLOW_ALL","serviceAccountEmail":"701758501216-compute@developer.gserviceaccount.com","availableMemory":"256Mi","maxInstanceRequestConcurrency":80,"availableCpu":"1"},"state":"FAILED","labels":{"deployment-scheduled":"true","firebase-functions-hash":"8bec1a628b3ad49ae197152cfe4d73841c50ecfb"},"stateMessages":[{"severity":"ERROR","type":"CloudRunServiceNotFound","message":"Cloud Run service projects/psb-academy-chat/locations/europe-west1/services/webinarreminderpush for the function was not found. The function will not work correctly. Please redeploy."}],"environment":"GEN_2","url":"https://europe-west1-psb-academy-chat.cloudfunctions.net/webinarReminderPush","satisfiesPzi":true},"stages":[{"name":"BUILD","message":"Build in progress","state":"IN_PROGRESS","resource":"projects/701758501216/locations/europe-west1/builds/07736448-0a6a-4fd2-bfa1-a49571de3a24","resourceUri":"https://console.cloud.google.com/cloud-build/builds;region=europe-west1/07736448-0a6a-4fd2-bfa1-a49571de3a24?project=701758501216"},{"name":"SERVICE","state":"NOT_STARTED"}],"operationType":"UPDATE_FUNCTION","buildName":"projects/701758501216/locations/europe-west1/builds/07736448-0a6a-4fd2-bfa1-a49571de3a24"},"done":false}
[debug] [2026-04-17T05:30:13.142Z] [update-default-europe-west1-notifyChatMessage] Retrying task index 0
[debug] [2026-04-17T05:30:13.143Z] Checked if tokens are valid: true, expires at: 1776406569381
[debug] [2026-04-17T05:30:13.144Z] Checked if tokens are valid: true, expires at: 1776406569381
[debug] [2026-04-17T05:30:13.144Z] >>> [apiv2][query] GET https://cloudfunctions.googleapis.com/v1/operations/cHNiLWFjYWRlbXktY2hhdC9ldXJvcGUtd2VzdDEvbm90aWZ5Q2hhdE1lc3NhZ2UvZ1l5b2dXUWIzTGs [none]
[debug] [2026-04-17T05:30:13.642Z] <<< [apiv2][status] GET https://cloudfunctions.googleapis.com/v1/operations/cHNiLWFjYWRlbXktY2hhdC9ldXJvcGUtd2VzdDEvbm90aWZ5Q2hhdE1lc3NhZ2UvZ1l5b2dXUWIzTGs 200
[debug] [2026-04-17T05:30:13.642Z] <<< [apiv2][body] GET https://cloudfunctions.googleapis.com/v1/operations/cHNiLWFjYWRlbXktY2hhdC9ldXJvcGUtd2VzdDEvbm90aWZ5Q2hhdE1lc3NhZ2UvZ1l5b2dXUWIzTGs {"name":"operations/cHNiLWFjYWRlbXktY2hhdC9ldXJvcGUtd2VzdDEvbm90aWZ5Q2hhdE1lc3NhZ2UvZ1l5b2dXUWIzTGs","metadata":{"@type":"type.googleapis.com/google.cloud.functions.v1.OperationMetadataV1","target":"projects/psb-academy-chat/locations/europe-west1/functions/notifyChatMessage","type":"UPDATE_FUNCTION","request":{"@type":"type.googleapis.com/google.cloud.functions.v1.CloudFunction","name":"projects/psb-academy-chat/locations/europe-west1/functions/notifyChatMessage","eventTrigger":{"eventType":"providers/google.firebase.database/eventTypes/ref.create","resource":"projects/_/instances/psb-academy-chat-default-rtdb/refs/messages/{messageId}","service":"firebaseio.com"},"status":"OFFLINE","entryPoint":"notifyChatMessage","timeout":"60s","availableMemoryMb":256,"updateTime":"2026-04-17T05:27:27.383Z","versionId":"1","labels":{"deployment-tool":"cli-firebase","firebase-functions-hash":"b1927a3e206be9fe01a351e68387d483fe1bd0b3"},"sourceUploadUrl":"https://storage.googleapis.com/uploads-557388512630.europe-west1.cloudfunctions.appspot.com/9dd428d5-48fd-45df-9bf1-450e84fc9e2c.zip?GoogleAccessId=service-701758501216@gcf-admin-robot.iam.gserviceaccount.com&Expires=1776405596&Signature=cgTWDF8J83jd0Fl17ryz1VMj2WBQPN2yN3GybZUiwqpE14kFzVOeCf8%2FnYyzK8DK3dOfAQ0QVXHccMOd65G6Bhk07lI9JL4QMh2DkQxX7jI4W19v7KlfQG9%2FrHjiLV7x8Y4BoqNb3F1WKGdz998xCv1WxgEeTFFzrPNQ9meetgmv3eyDbA8CZY9Lfnsh0qdRM5nQbavsBwTkEXj8Gz1zjA5t3iOSJAbyFb5Nw0Tt2UzG3ZVKJJuOrmUpREb%2F%2FT8FimIt1gIKUQjuUV3u6Izc9XHEgzMPYrIUF4KuYEHBSZ3extSmZG3cJK8ZlpjHRk%2BOnQpTZsiDf86yvMexCRd0aw%3D%3D","environmentVariables":{"ONESIGNAL_REST_API_KEY":"os_v2_app_2slkvpnyz5grrfdlqiulem4s66lnkhyjke6exymqle22uhrap4pclmvthumktu25pnhxxiyjsf35suppthewowupuc5oqm5yqx4ynji","APP_PUBLIC_URL":"https://psb-academy-chat.web.app/","FIREBASE_CONFIG":"{\"projectId\":\"psb-academy-chat\",\"databaseURL\":\"https://psb-academy-chat-default-rtdb.europe-west1.firebasedatabase.app\",\"storageBucket\":\"psb-academy-chat.firebasestorage.app\"}","GCLOUD_PROJECT":"psb-academy-chat","EVENTARC_CLOUD_EVENT_SOURCE":"projects/psb-academy-chat/locations/europe-west1/functions/notifyChatMessage"},"runtime":"nodejs22","buildId":"d06e6597-29a6-4c7e-8a23-5890fede5cdc","buildEnvironmentVariables":{"GOOGLE_NODE_RUN_SCRIPTS":""},"buildName":"projects/701758501216/locations/europe-west1/builds/d06e6597-29a6-4c7e-8a23-5890fede5cdc","dockerRegistry":"ARTIFACT_REGISTRY","automaticUpdatePolicy":{},"buildServiceAccount":"projects/psb-academy-chat/serviceAccounts/701758501216-compute@developer.gserviceaccount.com"},"versionId":"2","updateTime":"2026-04-17T05:29:57Z","buildId":"784b72c5-ba3e-44bc-831d-a7cc93c4d015","buildName":"projects/701758501216/locations/europe-west1/builds/784b72c5-ba3e-44bc-831d-a7cc93c4d015"}}
[debug] [2026-04-17T05:30:13.730Z] [update-default-europe-west1-webinarReminderPush] Retrying task index 0
[debug] [2026-04-17T05:30:13.731Z] Checked if tokens are valid: true, expires at: 1776406569381
[debug] [2026-04-17T05:30:13.731Z] Checked if tokens are valid: true, expires at: 1776406569381
[debug] [2026-04-17T05:30:13.731Z] >>> [apiv2][query] GET https://cloudfunctions.googleapis.com/v2/projects/psb-academy-chat/locations/europe-west1/operations/operation-1776403796539-64fa13d453a1c-effd9b87-b8f2a553 [none]
[debug] [2026-04-17T05:30:14.058Z] <<< [apiv2][status] GET https://cloudfunctions.googleapis.com/v2/projects/psb-academy-chat/locations/europe-west1/operations/operation-1776403796539-64fa13d453a1c-effd9b87-b8f2a553 200
[debug] [2026-04-17T05:30:14.058Z] <<< [apiv2][body] GET https://cloudfunctions.googleapis.com/v2/projects/psb-academy-chat/locations/europe-west1/operations/operation-1776403796539-64fa13d453a1c-effd9b87-b8f2a553 {"name":"projects/psb-academy-chat/locations/europe-west1/operations/operation-1776403796539-64fa13d453a1c-effd9b87-b8f2a553","metadata":{"@type":"type.googleapis.com/google.cloud.functions.v2.OperationMetadata","createTime":"2026-04-17T05:29:57.270143675Z","target":"projects/psb-academy-chat/locations/europe-west1/functions/webinarReminderPush","verb":"update","cancelRequested":false,"apiVersion":"v2","requestResource":{"@type":"type.googleapis.com/google.cloud.functions.v2.Function","name":"projects/psb-academy-chat/locations/europe-west1/functions/webinarReminderPush","buildConfig":{"runtime":"nodejs22","entryPoint":"webinarReminderPush","source":{"storageSource":{"bucket":"gcf-v2-sources-701758501216-europe-west1","object":"webinarReminderPush/function-source.zip","generation":"1776403797230469"}},"environmentVariables":{"GOOGLE_NODE_RUN_SCRIPTS":""},"dockerRepository":"projects/psb-academy-chat/locations/europe-west1/repositories/gcf-artifacts","sourceProvenance":{"resolvedStorageSource":{"bucket":"gcf-v2-sources-701758501216-europe-west1","object":"webinarReminderPush/function-source.zip","generation":"1776403607279772"}},"dockerRegistry":"ARTIFACT_REGISTRY","serviceAccount":"projects/psb-academy-chat/serviceAccounts/701758501216-compute@developer.gserviceaccount.com","automaticUpdatePolicy":{}},"serviceConfig":{"service":"projects/psb-academy-chat/locations/europe-west1/services/webinarreminderpush","timeoutSeconds":60,"environmentVariables":{"ONESIGNAL_REST_API_KEY":"os_v2_app_2slkvpnyz5grrfdlqiulem4s66lnkhyjke6exymqle22uhrap4pclmvthumktu25pnhxxiyjsf35suppthewowupuc5oqm5yqx4ynji","APP_PUBLIC_URL":"https://psb-academy-chat.web.app/","FIREBASE_CONFIG":"{\"projectId\":\"psb-academy-chat\",\"databaseURL\":\"https://psb-academy-chat-default-rtdb.europe-west1.firebasedatabase.app\",\"storageBucket\":\"psb-academy-chat.firebasestorage.app\"}","GCLOUD_PROJECT":"psb-academy-chat","EVENTARC_CLOUD_EVENT_SOURCE":"projects/psb-academy-chat/locations/europe-west1/services/webinarReminderPush","FUNCTION_TARGET":"webinarReminderPush","LOG_EXECUTION_ID":"true"},"ingressSettings":"ALLOW_ALL","serviceAccountEmail":"701758501216-compute@developer.gserviceaccount.com","availableMemory":"256Mi","maxInstanceRequestConcurrency":80,"availableCpu":"1"},"state":"FAILED","labels":{"deployment-scheduled":"true","firebase-functions-hash":"8bec1a628b3ad49ae197152cfe4d73841c50ecfb"},"stateMessages":[{"severity":"ERROR","type":"CloudRunServiceNotFound","message":"Cloud Run service projects/psb-academy-chat/locations/europe-west1/services/webinarreminderpush for the function was not found. The function will not work correctly. Please redeploy."}],"environment":"GEN_2","url":"https://europe-west1-psb-academy-chat.cloudfunctions.net/webinarReminderPush","satisfiesPzi":true},"stages":[{"name":"BUILD","message":"Build in progress","state":"IN_PROGRESS","resource":"projects/701758501216/locations/europe-west1/builds/07736448-0a6a-4fd2-bfa1-a49571de3a24","resourceUri":"https://console.cloud.google.com/cloud-build/builds;region=europe-west1/07736448-0a6a-4fd2-bfa1-a49571de3a24?project=701758501216"},{"name":"SERVICE","state":"NOT_STARTED"}],"operationType":"UPDATE_FUNCTION","buildName":"projects/701758501216/locations/europe-west1/builds/07736448-0a6a-4fd2-bfa1-a49571de3a24"},"done":false}
[debug] [2026-04-17T05:30:23.644Z] [update-default-europe-west1-notifyChatMessage] Retrying task index 0
[debug] [2026-04-17T05:30:23.646Z] Checked if tokens are valid: true, expires at: 1776406569381
[debug] [2026-04-17T05:30:23.647Z] Checked if tokens are valid: true, expires at: 1776406569381
[debug] [2026-04-17T05:30:23.647Z] >>> [apiv2][query] GET https://cloudfunctions.googleapis.com/v1/operations/cHNiLWFjYWRlbXktY2hhdC9ldXJvcGUtd2VzdDEvbm90aWZ5Q2hhdE1lc3NhZ2UvZ1l5b2dXUWIzTGs [none]
[debug] [2026-04-17T05:30:23.840Z] <<< [apiv2][status] GET https://cloudfunctions.googleapis.com/v1/operations/cHNiLWFjYWRlbXktY2hhdC9ldXJvcGUtd2VzdDEvbm90aWZ5Q2hhdE1lc3NhZ2UvZ1l5b2dXUWIzTGs 200
[debug] [2026-04-17T05:30:23.840Z] <<< [apiv2][body] GET https://cloudfunctions.googleapis.com/v1/operations/cHNiLWFjYWRlbXktY2hhdC9ldXJvcGUtd2VzdDEvbm90aWZ5Q2hhdE1lc3NhZ2UvZ1l5b2dXUWIzTGs {"name":"operations/cHNiLWFjYWRlbXktY2hhdC9ldXJvcGUtd2VzdDEvbm90aWZ5Q2hhdE1lc3NhZ2UvZ1l5b2dXUWIzTGs","metadata":{"@type":"type.googleapis.com/google.cloud.functions.v1.OperationMetadataV1","target":"projects/psb-academy-chat/locations/europe-west1/functions/notifyChatMessage","type":"UPDATE_FUNCTION","request":{"@type":"type.googleapis.com/google.cloud.functions.v1.CloudFunction","name":"projects/psb-academy-chat/locations/europe-west1/functions/notifyChatMessage","eventTrigger":{"eventType":"providers/google.firebase.database/eventTypes/ref.create","resource":"projects/_/instances/psb-academy-chat-default-rtdb/refs/messages/{messageId}","service":"firebaseio.com"},"status":"OFFLINE","entryPoint":"notifyChatMessage","timeout":"60s","availableMemoryMb":256,"updateTime":"2026-04-17T05:27:27.383Z","versionId":"1","labels":{"deployment-tool":"cli-firebase","firebase-functions-hash":"b1927a3e206be9fe01a351e68387d483fe1bd0b3"},"sourceUploadUrl":"https://storage.googleapis.com/uploads-557388512630.europe-west1.cloudfunctions.appspot.com/9dd428d5-48fd-45df-9bf1-450e84fc9e2c.zip?GoogleAccessId=service-701758501216@gcf-admin-robot.iam.gserviceaccount.com&Expires=1776405596&Signature=cgTWDF8J83jd0Fl17ryz1VMj2WBQPN2yN3GybZUiwqpE14kFzVOeCf8%2FnYyzK8DK3dOfAQ0QVXHccMOd65G6Bhk07lI9JL4QMh2DkQxX7jI4W19v7KlfQG9%2FrHjiLV7x8Y4BoqNb3F1WKGdz998xCv1WxgEeTFFzrPNQ9meetgmv3eyDbA8CZY9Lfnsh0qdRM5nQbavsBwTkEXj8Gz1zjA5t3iOSJAbyFb5Nw0Tt2UzG3ZVKJJuOrmUpREb%2F%2FT8FimIt1gIKUQjuUV3u6Izc9XHEgzMPYrIUF4KuYEHBSZ3extSmZG3cJK8ZlpjHRk%2BOnQpTZsiDf86yvMexCRd0aw%3D%3D","environmentVariables":{"ONESIGNAL_REST_API_KEY":"os_v2_app_2slkvpnyz5grrfdlqiulem4s66lnkhyjke6exymqle22uhrap4pclmvthumktu25pnhxxiyjsf35suppthewowupuc5oqm5yqx4ynji","APP_PUBLIC_URL":"https://psb-academy-chat.web.app/","FIREBASE_CONFIG":"{\"projectId\":\"psb-academy-chat\",\"databaseURL\":\"https://psb-academy-chat-default-rtdb.europe-west1.firebasedatabase.app\",\"storageBucket\":\"psb-academy-chat.firebasestorage.app\"}","GCLOUD_PROJECT":"psb-academy-chat","EVENTARC_CLOUD_EVENT_SOURCE":"projects/psb-academy-chat/locations/europe-west1/functions/notifyChatMessage"},"runtime":"nodejs22","buildId":"d06e6597-29a6-4c7e-8a23-5890fede5cdc","buildEnvironmentVariables":{"GOOGLE_NODE_RUN_SCRIPTS":""},"buildName":"projects/701758501216/locations/europe-west1/builds/d06e6597-29a6-4c7e-8a23-5890fede5cdc","dockerRegistry":"ARTIFACT_REGISTRY","automaticUpdatePolicy":{},"buildServiceAccount":"projects/psb-academy-chat/serviceAccounts/701758501216-compute@developer.gserviceaccount.com"},"versionId":"2","updateTime":"2026-04-17T05:29:57Z","buildId":"784b72c5-ba3e-44bc-831d-a7cc93c4d015","buildName":"projects/701758501216/locations/europe-west1/builds/784b72c5-ba3e-44bc-831d-a7cc93c4d015"}}
[debug] [2026-04-17T05:30:24.059Z] [update-default-europe-west1-webinarReminderPush] Retrying task index 0
[debug] [2026-04-17T05:30:24.060Z] Checked if tokens are valid: true, expires at: 1776406569381
[debug] [2026-04-17T05:30:24.060Z] Checked if tokens are valid: true, expires at: 1776406569381
[debug] [2026-04-17T05:30:24.060Z] >>> [apiv2][query] GET https://cloudfunctions.googleapis.com/v2/projects/psb-academy-chat/locations/europe-west1/operations/operation-1776403796539-64fa13d453a1c-effd9b87-b8f2a553 [none]
[debug] [2026-04-17T05:30:24.211Z] <<< [apiv2][status] GET https://cloudfunctions.googleapis.com/v2/projects/psb-academy-chat/locations/europe-west1/operations/operation-1776403796539-64fa13d453a1c-effd9b87-b8f2a553 200
[debug] [2026-04-17T05:30:24.211Z] <<< [apiv2][body] GET https://cloudfunctions.googleapis.com/v2/projects/psb-academy-chat/locations/europe-west1/operations/operation-1776403796539-64fa13d453a1c-effd9b87-b8f2a553 {"name":"projects/psb-academy-chat/locations/europe-west1/operations/operation-1776403796539-64fa13d453a1c-effd9b87-b8f2a553","metadata":{"@type":"type.googleapis.com/google.cloud.functions.v2.OperationMetadata","createTime":"2026-04-17T05:29:57.270143675Z","target":"projects/psb-academy-chat/locations/europe-west1/functions/webinarReminderPush","verb":"update","cancelRequested":false,"apiVersion":"v2","requestResource":{"@type":"type.googleapis.com/google.cloud.functions.v2.Function","name":"projects/psb-academy-chat/locations/europe-west1/functions/webinarReminderPush","buildConfig":{"runtime":"nodejs22","entryPoint":"webinarReminderPush","source":{"storageSource":{"bucket":"gcf-v2-sources-701758501216-europe-west1","object":"webinarReminderPush/function-source.zip","generation":"1776403797230469"}},"environmentVariables":{"GOOGLE_NODE_RUN_SCRIPTS":""},"dockerRepository":"projects/psb-academy-chat/locations/europe-west1/repositories/gcf-artifacts","sourceProvenance":{"resolvedStorageSource":{"bucket":"gcf-v2-sources-701758501216-europe-west1","object":"webinarReminderPush/function-source.zip","generation":"1776403607279772"}},"dockerRegistry":"ARTIFACT_REGISTRY","serviceAccount":"projects/psb-academy-chat/serviceAccounts/701758501216-compute@developer.gserviceaccount.com","automaticUpdatePolicy":{}},"serviceConfig":{"service":"projects/psb-academy-chat/locations/europe-west1/services/webinarreminderpush","timeoutSeconds":60,"environmentVariables":{"ONESIGNAL_REST_API_KEY":"os_v2_app_2slkvpnyz5grrfdlqiulem4s66lnkhyjke6exymqle22uhrap4pclmvthumktu25pnhxxiyjsf35suppthewowupuc5oqm5yqx4ynji","APP_PUBLIC_URL":"https://psb-academy-chat.web.app/","FIREBASE_CONFIG":"{\"projectId\":\"psb-academy-chat\",\"databaseURL\":\"https://psb-academy-chat-default-rtdb.europe-west1.firebasedatabase.app\",\"storageBucket\":\"psb-academy-chat.firebasestorage.app\"}","GCLOUD_PROJECT":"psb-academy-chat","EVENTARC_CLOUD_EVENT_SOURCE":"projects/psb-academy-chat/locations/europe-west1/services/webinarReminderPush","FUNCTION_TARGET":"webinarReminderPush","LOG_EXECUTION_ID":"true"},"ingressSettings":"ALLOW_ALL","serviceAccountEmail":"701758501216-compute@developer.gserviceaccount.com","availableMemory":"256Mi","maxInstanceRequestConcurrency":80,"availableCpu":"1"},"state":"FAILED","labels":{"deployment-scheduled":"true","firebase-functions-hash":"8bec1a628b3ad49ae197152cfe4d73841c50ecfb"},"stateMessages":[{"severity":"ERROR","type":"CloudRunServiceNotFound","message":"Cloud Run service projects/psb-academy-chat/locations/europe-west1/services/webinarreminderpush for the function was not found. The function will not work correctly. Please redeploy."}],"environment":"GEN_2","url":"https://europe-west1-psb-academy-chat.cloudfunctions.net/webinarReminderPush","satisfiesPzi":true},"stages":[{"name":"BUILD","message":"Build in progress","state":"IN_PROGRESS","resource":"projects/701758501216/locations/europe-west1/builds/07736448-0a6a-4fd2-bfa1-a49571de3a24","resourceUri":"https://console.cloud.google.com/cloud-build/builds;region=europe-west1/07736448-0a6a-4fd2-bfa1-a49571de3a24?project=701758501216"},{"name":"SERVICE","state":"NOT_STARTED"}],"operationType":"UPDATE_FUNCTION","buildName":"projects/701758501216/locations/europe-west1/builds/07736448-0a6a-4fd2-bfa1-a49571de3a24"},"done":false}
[debug] [2026-04-17T05:30:33.841Z] [update-default-europe-west1-notifyChatMessage] Retrying task index 0
[debug] [2026-04-17T05:30:33.841Z] Checked if tokens are valid: true, expires at: 1776406569381
[debug] [2026-04-17T05:30:33.841Z] Checked if tokens are valid: true, expires at: 1776406569381
[debug] [2026-04-17T05:30:33.841Z] >>> [apiv2][query] GET https://cloudfunctions.googleapis.com/v1/operations/cHNiLWFjYWRlbXktY2hhdC9ldXJvcGUtd2VzdDEvbm90aWZ5Q2hhdE1lc3NhZ2UvZ1l5b2dXUWIzTGs [none]
[debug] [2026-04-17T05:30:34.212Z] [update-default-europe-west1-webinarReminderPush] Retrying task index 0
[debug] [2026-04-17T05:30:34.213Z] Checked if tokens are valid: true, expires at: 1776406569381
[debug] [2026-04-17T05:30:34.213Z] Checked if tokens are valid: true, expires at: 1776406569381
[debug] [2026-04-17T05:30:34.213Z] >>> [apiv2][query] GET https://cloudfunctions.googleapis.com/v2/projects/psb-academy-chat/locations/europe-west1/operations/operation-1776403796539-64fa13d453a1c-effd9b87-b8f2a553 [none]
[debug] [2026-04-17T05:30:34.313Z] <<< [apiv2][status] GET https://cloudfunctions.googleapis.com/v1/operations/cHNiLWFjYWRlbXktY2hhdC9ldXJvcGUtd2VzdDEvbm90aWZ5Q2hhdE1lc3NhZ2UvZ1l5b2dXUWIzTGs 200
[debug] [2026-04-17T05:30:34.313Z] <<< [apiv2][body] GET https://cloudfunctions.googleapis.com/v1/operations/cHNiLWFjYWRlbXktY2hhdC9ldXJvcGUtd2VzdDEvbm90aWZ5Q2hhdE1lc3NhZ2UvZ1l5b2dXUWIzTGs {"name":"operations/cHNiLWFjYWRlbXktY2hhdC9ldXJvcGUtd2VzdDEvbm90aWZ5Q2hhdE1lc3NhZ2UvZ1l5b2dXUWIzTGs","metadata":{"@type":"type.googleapis.com/google.cloud.functions.v1.OperationMetadataV1","target":"projects/psb-academy-chat/locations/europe-west1/functions/notifyChatMessage","type":"UPDATE_FUNCTION","request":{"@type":"type.googleapis.com/google.cloud.functions.v1.CloudFunction","name":"projects/psb-academy-chat/locations/europe-west1/functions/notifyChatMessage","eventTrigger":{"eventType":"providers/google.firebase.database/eventTypes/ref.create","resource":"projects/_/instances/psb-academy-chat-default-rtdb/refs/messages/{messageId}","service":"firebaseio.com"},"status":"OFFLINE","entryPoint":"notifyChatMessage","timeout":"60s","availableMemoryMb":256,"updateTime":"2026-04-17T05:27:27.383Z","versionId":"1","labels":{"deployment-tool":"cli-firebase","firebase-functions-hash":"b1927a3e206be9fe01a351e68387d483fe1bd0b3"},"sourceUploadUrl":"https://storage.googleapis.com/uploads-557388512630.europe-west1.cloudfunctions.appspot.com/9dd428d5-48fd-45df-9bf1-450e84fc9e2c.zip?GoogleAccessId=service-701758501216@gcf-admin-robot.iam.gserviceaccount.com&Expires=1776405596&Signature=cgTWDF8J83jd0Fl17ryz1VMj2WBQPN2yN3GybZUiwqpE14kFzVOeCf8%2FnYyzK8DK3dOfAQ0QVXHccMOd65G6Bhk07lI9JL4QMh2DkQxX7jI4W19v7KlfQG9%2FrHjiLV7x8Y4BoqNb3F1WKGdz998xCv1WxgEeTFFzrPNQ9meetgmv3eyDbA8CZY9Lfnsh0qdRM5nQbavsBwTkEXj8Gz1zjA5t3iOSJAbyFb5Nw0Tt2UzG3ZVKJJuOrmUpREb%2F%2FT8FimIt1gIKUQjuUV3u6Izc9XHEgzMPYrIUF4KuYEHBSZ3extSmZG3cJK8ZlpjHRk%2BOnQpTZsiDf86yvMexCRd0aw%3D%3D","environmentVariables":{"ONESIGNAL_REST_API_KEY":"os_v2_app_2slkvpnyz5grrfdlqiulem4s66lnkhyjke6exymqle22uhrap4pclmvthumktu25pnhxxiyjsf35suppthewowupuc5oqm5yqx4ynji","APP_PUBLIC_URL":"https://psb-academy-chat.web.app/","FIREBASE_CONFIG":"{\"projectId\":\"psb-academy-chat\",\"databaseURL\":\"https://psb-academy-chat-default-rtdb.europe-west1.firebasedatabase.app\",\"storageBucket\":\"psb-academy-chat.firebasestorage.app\"}","GCLOUD_PROJECT":"psb-academy-chat","EVENTARC_CLOUD_EVENT_SOURCE":"projects/psb-academy-chat/locations/europe-west1/functions/notifyChatMessage"},"runtime":"nodejs22","buildId":"d06e6597-29a6-4c7e-8a23-5890fede5cdc","buildEnvironmentVariables":{"GOOGLE_NODE_RUN_SCRIPTS":""},"buildName":"projects/701758501216/locations/europe-west1/builds/d06e6597-29a6-4c7e-8a23-5890fede5cdc","dockerRegistry":"ARTIFACT_REGISTRY","automaticUpdatePolicy":{},"buildServiceAccount":"projects/psb-academy-chat/serviceAccounts/701758501216-compute@developer.gserviceaccount.com"},"versionId":"2","updateTime":"2026-04-17T05:29:57Z","buildId":"784b72c5-ba3e-44bc-831d-a7cc93c4d015","buildName":"projects/701758501216/locations/europe-west1/builds/784b72c5-ba3e-44bc-831d-a7cc93c4d015"}}
[debug] [2026-04-17T05:30:34.395Z] <<< [apiv2][status] GET https://cloudfunctions.googleapis.com/v2/projects/psb-academy-chat/locations/europe-west1/operations/operation-1776403796539-64fa13d453a1c-effd9b87-b8f2a553 200
[debug] [2026-04-17T05:30:34.395Z] <<< [apiv2][body] GET https://cloudfunctions.googleapis.com/v2/projects/psb-academy-chat/locations/europe-west1/operations/operation-1776403796539-64fa13d453a1c-effd9b87-b8f2a553 {"name":"projects/psb-academy-chat/locations/europe-west1/operations/operation-1776403796539-64fa13d453a1c-effd9b87-b8f2a553","metadata":{"@type":"type.googleapis.com/google.cloud.functions.v2.OperationMetadata","createTime":"2026-04-17T05:29:57.270143675Z","target":"projects/psb-academy-chat/locations/europe-west1/functions/webinarReminderPush","verb":"update","cancelRequested":false,"apiVersion":"v2","requestResource":{"@type":"type.googleapis.com/google.cloud.functions.v2.Function","name":"projects/psb-academy-chat/locations/europe-west1/functions/webinarReminderPush","buildConfig":{"runtime":"nodejs22","entryPoint":"webinarReminderPush","source":{"storageSource":{"bucket":"gcf-v2-sources-701758501216-europe-west1","object":"webinarReminderPush/function-source.zip","generation":"1776403797230469"}},"environmentVariables":{"GOOGLE_NODE_RUN_SCRIPTS":""},"dockerRepository":"projects/psb-academy-chat/locations/europe-west1/repositories/gcf-artifacts","sourceProvenance":{"resolvedStorageSource":{"bucket":"gcf-v2-sources-701758501216-europe-west1","object":"webinarReminderPush/function-source.zip","generation":"1776403607279772"}},"dockerRegistry":"ARTIFACT_REGISTRY","serviceAccount":"projects/psb-academy-chat/serviceAccounts/701758501216-compute@developer.gserviceaccount.com","automaticUpdatePolicy":{}},"serviceConfig":{"service":"projects/psb-academy-chat/locations/europe-west1/services/webinarreminderpush","timeoutSeconds":60,"environmentVariables":{"ONESIGNAL_REST_API_KEY":"os_v2_app_2slkvpnyz5grrfdlqiulem4s66lnkhyjke6exymqle22uhrap4pclmvthumktu25pnhxxiyjsf35suppthewowupuc5oqm5yqx4ynji","APP_PUBLIC_URL":"https://psb-academy-chat.web.app/","FIREBASE_CONFIG":"{\"projectId\":\"psb-academy-chat\",\"databaseURL\":\"https://psb-academy-chat-default-rtdb.europe-west1.firebasedatabase.app\",\"storageBucket\":\"psb-academy-chat.firebasestorage.app\"}","GCLOUD_PROJECT":"psb-academy-chat","EVENTARC_CLOUD_EVENT_SOURCE":"projects/psb-academy-chat/locations/europe-west1/services/webinarReminderPush","FUNCTION_TARGET":"webinarReminderPush","LOG_EXECUTION_ID":"true"},"ingressSettings":"ALLOW_ALL","serviceAccountEmail":"701758501216-compute@developer.gserviceaccount.com","availableMemory":"256Mi","maxInstanceRequestConcurrency":80,"availableCpu":"1"},"state":"FAILED","labels":{"deployment-scheduled":"true","firebase-functions-hash":"8bec1a628b3ad49ae197152cfe4d73841c50ecfb"},"stateMessages":[{"severity":"ERROR","type":"CloudRunServiceNotFound","message":"Cloud Run service projects/psb-academy-chat/locations/europe-west1/services/webinarreminderpush for the function was not found. The function will not work correctly. Please redeploy."}],"environment":"GEN_2","url":"https://europe-west1-psb-academy-chat.cloudfunctions.net/webinarReminderPush","satisfiesPzi":true},"stages":[{"name":"BUILD","message":"Build in progress","state":"IN_PROGRESS","resource":"projects/701758501216/locations/europe-west1/builds/07736448-0a6a-4fd2-bfa1-a49571de3a24","resourceUri":"https://console.cloud.google.com/cloud-build/builds;region=europe-west1/07736448-0a6a-4fd2-bfa1-a49571de3a24?project=701758501216"},{"name":"SERVICE","state":"NOT_STARTED"}],"operationType":"UPDATE_FUNCTION","buildName":"projects/701758501216/locations/europe-west1/builds/07736448-0a6a-4fd2-bfa1-a49571de3a24"},"done":false}
[debug] [2026-04-17T05:30:44.315Z] [update-default-europe-west1-notifyChatMessage] Retrying task index 0
[debug] [2026-04-17T05:30:44.316Z] Checked if tokens are valid: true, expires at: 1776406569381
[debug] [2026-04-17T05:30:44.317Z] Checked if tokens are valid: true, expires at: 1776406569381
[debug] [2026-04-17T05:30:44.317Z] >>> [apiv2][query] GET https://cloudfunctions.googleapis.com/v1/operations/cHNiLWFjYWRlbXktY2hhdC9ldXJvcGUtd2VzdDEvbm90aWZ5Q2hhdE1lc3NhZ2UvZ1l5b2dXUWIzTGs [none]
[debug] [2026-04-17T05:30:44.396Z] [update-default-europe-west1-webinarReminderPush] Retrying task index 0
[debug] [2026-04-17T05:30:44.397Z] Checked if tokens are valid: true, expires at: 1776406569381
[debug] [2026-04-17T05:30:44.397Z] Checked if tokens are valid: true, expires at: 1776406569381
[debug] [2026-04-17T05:30:44.397Z] >>> [apiv2][query] GET https://cloudfunctions.googleapis.com/v2/projects/psb-academy-chat/locations/europe-west1/operations/operation-1776403796539-64fa13d453a1c-effd9b87-b8f2a553 [none]
[debug] [2026-04-17T05:30:44.690Z] <<< [apiv2][status] GET https://cloudfunctions.googleapis.com/v1/operations/cHNiLWFjYWRlbXktY2hhdC9ldXJvcGUtd2VzdDEvbm90aWZ5Q2hhdE1lc3NhZ2UvZ1l5b2dXUWIzTGs 200
[debug] [2026-04-17T05:30:44.690Z] <<< [apiv2][body] GET https://cloudfunctions.googleapis.com/v1/operations/cHNiLWFjYWRlbXktY2hhdC9ldXJvcGUtd2VzdDEvbm90aWZ5Q2hhdE1lc3NhZ2UvZ1l5b2dXUWIzTGs {"name":"operations/cHNiLWFjYWRlbXktY2hhdC9ldXJvcGUtd2VzdDEvbm90aWZ5Q2hhdE1lc3NhZ2UvZ1l5b2dXUWIzTGs","metadata":{"@type":"type.googleapis.com/google.cloud.functions.v1.OperationMetadataV1","target":"projects/psb-academy-chat/locations/europe-west1/functions/notifyChatMessage","type":"UPDATE_FUNCTION","request":{"@type":"type.googleapis.com/google.cloud.functions.v1.CloudFunction","name":"projects/psb-academy-chat/locations/europe-west1/functions/notifyChatMessage","eventTrigger":{"eventType":"providers/google.firebase.database/eventTypes/ref.create","resource":"projects/_/instances/psb-academy-chat-default-rtdb/refs/messages/{messageId}","service":"firebaseio.com"},"status":"OFFLINE","entryPoint":"notifyChatMessage","timeout":"60s","availableMemoryMb":256,"updateTime":"2026-04-17T05:27:27.383Z","versionId":"1","labels":{"deployment-tool":"cli-firebase","firebase-functions-hash":"b1927a3e206be9fe01a351e68387d483fe1bd0b3"},"sourceUploadUrl":"https://storage.googleapis.com/uploads-557388512630.europe-west1.cloudfunctions.appspot.com/9dd428d5-48fd-45df-9bf1-450e84fc9e2c.zip?GoogleAccessId=service-701758501216@gcf-admin-robot.iam.gserviceaccount.com&Expires=1776405596&Signature=cgTWDF8J83jd0Fl17ryz1VMj2WBQPN2yN3GybZUiwqpE14kFzVOeCf8%2FnYyzK8DK3dOfAQ0QVXHccMOd65G6Bhk07lI9JL4QMh2DkQxX7jI4W19v7KlfQG9%2FrHjiLV7x8Y4BoqNb3F1WKGdz998xCv1WxgEeTFFzrPNQ9meetgmv3eyDbA8CZY9Lfnsh0qdRM5nQbavsBwTkEXj8Gz1zjA5t3iOSJAbyFb5Nw0Tt2UzG3ZVKJJuOrmUpREb%2F%2FT8FimIt1gIKUQjuUV3u6Izc9XHEgzMPYrIUF4KuYEHBSZ3extSmZG3cJK8ZlpjHRk%2BOnQpTZsiDf86yvMexCRd0aw%3D%3D","environmentVariables":{"ONESIGNAL_REST_API_KEY":"os_v2_app_2slkvpnyz5grrfdlqiulem4s66lnkhyjke6exymqle22uhrap4pclmvthumktu25pnhxxiyjsf35suppthewowupuc5oqm5yqx4ynji","APP_PUBLIC_URL":"https://psb-academy-chat.web.app/","FIREBASE_CONFIG":"{\"projectId\":\"psb-academy-chat\",\"databaseURL\":\"https://psb-academy-chat-default-rtdb.europe-west1.firebasedatabase.app\",\"storageBucket\":\"psb-academy-chat.firebasestorage.app\"}","GCLOUD_PROJECT":"psb-academy-chat","EVENTARC_CLOUD_EVENT_SOURCE":"projects/psb-academy-chat/locations/europe-west1/functions/notifyChatMessage"},"runtime":"nodejs22","buildId":"d06e6597-29a6-4c7e-8a23-5890fede5cdc","buildEnvironmentVariables":{"GOOGLE_NODE_RUN_SCRIPTS":""},"buildName":"projects/701758501216/locations/europe-west1/builds/d06e6597-29a6-4c7e-8a23-5890fede5cdc","dockerRegistry":"ARTIFACT_REGISTRY","automaticUpdatePolicy":{},"buildServiceAccount":"projects/psb-academy-chat/serviceAccounts/701758501216-compute@developer.gserviceaccount.com"},"versionId":"2","updateTime":"2026-04-17T05:29:57Z","buildId":"784b72c5-ba3e-44bc-831d-a7cc93c4d015","sourceToken":"1ce218dc-7e88-48d7-900b-5dd61b3881fa","buildName":"projects/701758501216/locations/europe-west1/builds/784b72c5-ba3e-44bc-831d-a7cc93c4d015"}}
[debug] [2026-04-17T05:30:44.690Z] Got source token 1ce218dc-7e88-48d7-900b-5dd61b3881fa for region europe-west1
[debug] [2026-04-17T05:30:44.852Z] <<< [apiv2][status] GET https://cloudfunctions.googleapis.com/v2/projects/psb-academy-chat/locations/europe-west1/operations/operation-1776403796539-64fa13d453a1c-effd9b87-b8f2a553 200
[debug] [2026-04-17T05:30:44.852Z] <<< [apiv2][body] GET https://cloudfunctions.googleapis.com/v2/projects/psb-academy-chat/locations/europe-west1/operations/operation-1776403796539-64fa13d453a1c-effd9b87-b8f2a553 {"name":"projects/psb-academy-chat/locations/europe-west1/operations/operation-1776403796539-64fa13d453a1c-effd9b87-b8f2a553","metadata":{"@type":"type.googleapis.com/google.cloud.functions.v2.OperationMetadata","createTime":"2026-04-17T05:29:57.270143675Z","target":"projects/psb-academy-chat/locations/europe-west1/functions/webinarReminderPush","verb":"update","cancelRequested":false,"apiVersion":"v2","requestResource":{"@type":"type.googleapis.com/google.cloud.functions.v2.Function","name":"projects/psb-academy-chat/locations/europe-west1/functions/webinarReminderPush","buildConfig":{"runtime":"nodejs22","entryPoint":"webinarReminderPush","source":{"storageSource":{"bucket":"gcf-v2-sources-701758501216-europe-west1","object":"webinarReminderPush/function-source.zip","generation":"1776403797230469"}},"environmentVariables":{"GOOGLE_NODE_RUN_SCRIPTS":""},"dockerRepository":"projects/psb-academy-chat/locations/europe-west1/repositories/gcf-artifacts","sourceProvenance":{"resolvedStorageSource":{"bucket":"gcf-v2-sources-701758501216-europe-west1","object":"webinarReminderPush/function-source.zip","generation":"1776403607279772"}},"dockerRegistry":"ARTIFACT_REGISTRY","serviceAccount":"projects/psb-academy-chat/serviceAccounts/701758501216-compute@developer.gserviceaccount.com","automaticUpdatePolicy":{}},"serviceConfig":{"service":"projects/psb-academy-chat/locations/europe-west1/services/webinarreminderpush","timeoutSeconds":60,"environmentVariables":{"ONESIGNAL_REST_API_KEY":"os_v2_app_2slkvpnyz5grrfdlqiulem4s66lnkhyjke6exymqle22uhrap4pclmvthumktu25pnhxxiyjsf35suppthewowupuc5oqm5yqx4ynji","APP_PUBLIC_URL":"https://psb-academy-chat.web.app/","FIREBASE_CONFIG":"{\"projectId\":\"psb-academy-chat\",\"databaseURL\":\"https://psb-academy-chat-default-rtdb.europe-west1.firebasedatabase.app\",\"storageBucket\":\"psb-academy-chat.firebasestorage.app\"}","GCLOUD_PROJECT":"psb-academy-chat","EVENTARC_CLOUD_EVENT_SOURCE":"projects/psb-academy-chat/locations/europe-west1/services/webinarReminderPush","FUNCTION_TARGET":"webinarReminderPush","LOG_EXECUTION_ID":"true"},"ingressSettings":"ALLOW_ALL","serviceAccountEmail":"701758501216-compute@developer.gserviceaccount.com","availableMemory":"256Mi","maxInstanceRequestConcurrency":80,"availableCpu":"1"},"state":"FAILED","labels":{"deployment-scheduled":"true","firebase-functions-hash":"8bec1a628b3ad49ae197152cfe4d73841c50ecfb"},"stateMessages":[{"severity":"ERROR","type":"CloudRunServiceNotFound","message":"Cloud Run service projects/psb-academy-chat/locations/europe-west1/services/webinarreminderpush for the function was not found. The function will not work correctly. Please redeploy."}],"environment":"GEN_2","url":"https://europe-west1-psb-academy-chat.cloudfunctions.net/webinarReminderPush","satisfiesPzi":true},"stages":[{"name":"BUILD","message":"Build finished","state":"COMPLETE","resource":"projects/701758501216/locations/europe-west1/builds/07736448-0a6a-4fd2-bfa1-a49571de3a24","resourceUri":"https://console.cloud.google.com/cloud-build/builds;region=europe-west1/07736448-0a6a-4fd2-bfa1-a49571de3a24?project=701758501216"},{"name":"SERVICE","message":"Updating Cloud Run service","state":"IN_PROGRESS","resource":"projects/psb-academy-chat/locations/europe-west1/services/webinarreminderpush","resourceUri":"https://console.cloud.google.com/run/detail/europe-west1/webinarreminderpush?project=psb-academy-chat","stateMessages":[{"severity":"WARNING","type":"CloudRunServiceRecreated","message":"Cloud Run service projects/psb-academy-chat/locations/europe-west1/services/webinarreminderpush for the function was not found. The service was redeployed with default values."}]}],"sourceToken":"Clhwcm9qZWN0cy83MDE3NTg1MDEyMTYvbG9jYXRpb25zL2V1cm9wZS13ZXN0MS9idWlsZHMvMDc3MzY0NDgtMGE2YS00ZmQyLWJmYTEtYTQ5NTcxZGUzYTI0En1ldXJvcGUtd2VzdDEtZG9ja2VyLnBrZy5kZXYvcHNiLWFjYWRlbXktY2hhdC9nY2YtYXJ0aWZhY3RzL3BzYi0tYWNhZGVteS0tY2hhdF9fZXVyb3BlLS13ZXN0MV9fd2ViaW5hcl9yZW1pbmRlcl9wdXNoOnZlcnNpb25fMRjg4sOgthQiTnByb2plY3RzL3BzYi1hY2FkZW15LWNoYXQvbG9jYXRpb25zL2V1cm9wZS13ZXN0MS9mdW5jdGlvbnMvd2ViaW5hclJlbWluZGVyUHVzaCoMCIOLh88GEMC33pADMghub2RlanMyMjp3CiNnY3IuaW8vZ2FlLXJ1bnRpbWVzL25vZGVqczIyOnN0YWJsZRJQZXVyb3BlLXdlc3QxLWRvY2tlci5wa2cuZGV2L3NlcnZlcmxlc3MtcnVudGltZXMvZ29vZ2xlLTIyLWZ1bGwvcnVudGltZXMvbm9kZWpzMjJAAQ==","operationType":"UPDATE_FUNCTION","buildName":"projects/701758501216/locations/europe-west1/builds/07736448-0a6a-4fd2-bfa1-a49571de3a24"},"done":false}
[debug] [2026-04-17T05:30:44.852Z] Got source token Clhwcm9qZWN0cy83MDE3NTg1MDEyMTYvbG9jYXRpb25zL2V1cm9wZS13ZXN0MS9idWlsZHMvMDc3MzY0NDgtMGE2YS00ZmQyLWJmYTEtYTQ5NTcxZGUzYTI0En1ldXJvcGUtd2VzdDEtZG9ja2VyLnBrZy5kZXYvcHNiLWFjYWRlbXktY2hhdC9nY2YtYXJ0aWZhY3RzL3BzYi0tYWNhZGVteS0tY2hhdF9fZXVyb3BlLS13ZXN0MV9fd2ViaW5hcl9yZW1pbmRlcl9wdXNoOnZlcnNpb25fMRjg4sOgthQiTnByb2plY3RzL3BzYi1hY2FkZW15LWNoYXQvbG9jYXRpb25zL2V1cm9wZS13ZXN0MS9mdW5jdGlvbnMvd2ViaW5hclJlbWluZGVyUHVzaCoMCIOLh88GEMC33pADMghub2RlanMyMjp3CiNnY3IuaW8vZ2FlLXJ1bnRpbWVzL25vZGVqczIyOnN0YWJsZRJQZXVyb3BlLXdlc3QxLWRvY2tlci5wa2cuZGV2L3NlcnZlcmxlc3MtcnVudGltZXMvZ29vZ2xlLTIyLWZ1bGwvcnVudGltZXMvbm9kZWpzMjJAAQ== for region europe-west1
[debug] [2026-04-17T05:30:54.693Z] [update-default-europe-west1-notifyChatMessage] Retrying task index 0
[debug] [2026-04-17T05:30:54.694Z] Checked if tokens are valid: true, expires at: 1776406569381
[debug] [2026-04-17T05:30:54.694Z] Checked if tokens are valid: true, expires at: 1776406569381
[debug] [2026-04-17T05:30:54.694Z] >>> [apiv2][query] GET https://cloudfunctions.googleapis.com/v1/operations/cHNiLWFjYWRlbXktY2hhdC9ldXJvcGUtd2VzdDEvbm90aWZ5Q2hhdE1lc3NhZ2UvZ1l5b2dXUWIzTGs [none]
[debug] [2026-04-17T05:30:54.854Z] [update-default-europe-west1-webinarReminderPush] Retrying task index 0
[debug] [2026-04-17T05:30:54.854Z] Checked if tokens are valid: true, expires at: 1776406569381
[debug] [2026-04-17T05:30:54.854Z] Checked if tokens are valid: true, expires at: 1776406569381
[debug] [2026-04-17T05:30:54.854Z] >>> [apiv2][query] GET https://cloudfunctions.googleapis.com/v2/projects/psb-academy-chat/locations/europe-west1/operations/operation-1776403796539-64fa13d453a1c-effd9b87-b8f2a553 [none]
[debug] [2026-04-17T05:30:54.993Z] <<< [apiv2][status] GET https://cloudfunctions.googleapis.com/v1/operations/cHNiLWFjYWRlbXktY2hhdC9ldXJvcGUtd2VzdDEvbm90aWZ5Q2hhdE1lc3NhZ2UvZ1l5b2dXUWIzTGs 200
[debug] [2026-04-17T05:30:54.993Z] <<< [apiv2][body] GET https://cloudfunctions.googleapis.com/v1/operations/cHNiLWFjYWRlbXktY2hhdC9ldXJvcGUtd2VzdDEvbm90aWZ5Q2hhdE1lc3NhZ2UvZ1l5b2dXUWIzTGs {"name":"operations/cHNiLWFjYWRlbXktY2hhdC9ldXJvcGUtd2VzdDEvbm90aWZ5Q2hhdE1lc3NhZ2UvZ1l5b2dXUWIzTGs","metadata":{"@type":"type.googleapis.com/google.cloud.functions.v1.OperationMetadataV1","target":"projects/psb-academy-chat/locations/europe-west1/functions/notifyChatMessage","type":"UPDATE_FUNCTION","request":{"@type":"type.googleapis.com/google.cloud.functions.v1.CloudFunction","name":"projects/psb-academy-chat/locations/europe-west1/functions/notifyChatMessage","eventTrigger":{"eventType":"providers/google.firebase.database/eventTypes/ref.create","resource":"projects/_/instances/psb-academy-chat-default-rtdb/refs/messages/{messageId}","service":"firebaseio.com"},"status":"OFFLINE","entryPoint":"notifyChatMessage","timeout":"60s","availableMemoryMb":256,"updateTime":"2026-04-17T05:27:27.383Z","versionId":"1","labels":{"deployment-tool":"cli-firebase","firebase-functions-hash":"b1927a3e206be9fe01a351e68387d483fe1bd0b3"},"sourceUploadUrl":"https://storage.googleapis.com/uploads-557388512630.europe-west1.cloudfunctions.appspot.com/9dd428d5-48fd-45df-9bf1-450e84fc9e2c.zip?GoogleAccessId=service-701758501216@gcf-admin-robot.iam.gserviceaccount.com&Expires=1776405596&Signature=cgTWDF8J83jd0Fl17ryz1VMj2WBQPN2yN3GybZUiwqpE14kFzVOeCf8%2FnYyzK8DK3dOfAQ0QVXHccMOd65G6Bhk07lI9JL4QMh2DkQxX7jI4W19v7KlfQG9%2FrHjiLV7x8Y4BoqNb3F1WKGdz998xCv1WxgEeTFFzrPNQ9meetgmv3eyDbA8CZY9Lfnsh0qdRM5nQbavsBwTkEXj8Gz1zjA5t3iOSJAbyFb5Nw0Tt2UzG3ZVKJJuOrmUpREb%2F%2FT8FimIt1gIKUQjuUV3u6Izc9XHEgzMPYrIUF4KuYEHBSZ3extSmZG3cJK8ZlpjHRk%2BOnQpTZsiDf86yvMexCRd0aw%3D%3D","environmentVariables":{"ONESIGNAL_REST_API_KEY":"os_v2_app_2slkvpnyz5grrfdlqiulem4s66lnkhyjke6exymqle22uhrap4pclmvthumktu25pnhxxiyjsf35suppthewowupuc5oqm5yqx4ynji","APP_PUBLIC_URL":"https://psb-academy-chat.web.app/","FIREBASE_CONFIG":"{\"projectId\":\"psb-academy-chat\",\"databaseURL\":\"https://psb-academy-chat-default-rtdb.europe-west1.firebasedatabase.app\",\"storageBucket\":\"psb-academy-chat.firebasestorage.app\"}","GCLOUD_PROJECT":"psb-academy-chat","EVENTARC_CLOUD_EVENT_SOURCE":"projects/psb-academy-chat/locations/europe-west1/functions/notifyChatMessage"},"runtime":"nodejs22","buildId":"d06e6597-29a6-4c7e-8a23-5890fede5cdc","buildEnvironmentVariables":{"GOOGLE_NODE_RUN_SCRIPTS":""},"buildName":"projects/701758501216/locations/europe-west1/builds/d06e6597-29a6-4c7e-8a23-5890fede5cdc","dockerRegistry":"ARTIFACT_REGISTRY","automaticUpdatePolicy":{},"buildServiceAccount":"projects/psb-academy-chat/serviceAccounts/701758501216-compute@developer.gserviceaccount.com"},"versionId":"2","updateTime":"2026-04-17T05:29:57Z","buildId":"784b72c5-ba3e-44bc-831d-a7cc93c4d015","sourceToken":"1ce218dc-7e88-48d7-900b-5dd61b3881fa","buildName":"projects/701758501216/locations/europe-west1/builds/784b72c5-ba3e-44bc-831d-a7cc93c4d015"}}
[debug] [2026-04-17T05:30:54.993Z] Got source token 1ce218dc-7e88-48d7-900b-5dd61b3881fa for region europe-west1
[debug] [2026-04-17T05:30:55.227Z] <<< [apiv2][status] GET https://cloudfunctions.googleapis.com/v2/projects/psb-academy-chat/locations/europe-west1/operations/operation-1776403796539-64fa13d453a1c-effd9b87-b8f2a553 200
[debug] [2026-04-17T05:30:55.227Z] <<< [apiv2][body] GET https://cloudfunctions.googleapis.com/v2/projects/psb-academy-chat/locations/europe-west1/operations/operation-1776403796539-64fa13d453a1c-effd9b87-b8f2a553 {"name":"projects/psb-academy-chat/locations/europe-west1/operations/operation-1776403796539-64fa13d453a1c-effd9b87-b8f2a553","metadata":{"@type":"type.googleapis.com/google.cloud.functions.v2.OperationMetadata","createTime":"2026-04-17T05:29:57.270143675Z","endTime":"2026-04-17T05:30:52.059974435Z","target":"projects/psb-academy-chat/locations/europe-west1/functions/webinarReminderPush","verb":"update","cancelRequested":false,"apiVersion":"v2","requestResource":{"@type":"type.googleapis.com/google.cloud.functions.v2.Function","name":"projects/psb-academy-chat/locations/europe-west1/functions/webinarReminderPush","buildConfig":{"runtime":"nodejs22","entryPoint":"webinarReminderPush","source":{"storageSource":{"bucket":"gcf-v2-sources-701758501216-europe-west1","object":"webinarReminderPush/function-source.zip","generation":"1776403797230469"}},"environmentVariables":{"GOOGLE_NODE_RUN_SCRIPTS":""},"dockerRepository":"projects/psb-academy-chat/locations/europe-west1/repositories/gcf-artifacts","sourceProvenance":{"resolvedStorageSource":{"bucket":"gcf-v2-sources-701758501216-europe-west1","object":"webinarReminderPush/function-source.zip","generation":"1776403607279772"}},"dockerRegistry":"ARTIFACT_REGISTRY","serviceAccount":"projects/psb-academy-chat/serviceAccounts/701758501216-compute@developer.gserviceaccount.com","automaticUpdatePolicy":{}},"serviceConfig":{"service":"projects/psb-academy-chat/locations/europe-west1/services/webinarreminderpush","timeoutSeconds":60,"environmentVariables":{"ONESIGNAL_REST_API_KEY":"os_v2_app_2slkvpnyz5grrfdlqiulem4s66lnkhyjke6exymqle22uhrap4pclmvthumktu25pnhxxiyjsf35suppthewowupuc5oqm5yqx4ynji","APP_PUBLIC_URL":"https://psb-academy-chat.web.app/","FIREBASE_CONFIG":"{\"projectId\":\"psb-academy-chat\",\"databaseURL\":\"https://psb-academy-chat-default-rtdb.europe-west1.firebasedatabase.app\",\"storageBucket\":\"psb-academy-chat.firebasestorage.app\"}","GCLOUD_PROJECT":"psb-academy-chat","EVENTARC_CLOUD_EVENT_SOURCE":"projects/psb-academy-chat/locations/europe-west1/services/webinarReminderPush","FUNCTION_TARGET":"webinarReminderPush","LOG_EXECUTION_ID":"true"},"ingressSettings":"ALLOW_ALL","serviceAccountEmail":"701758501216-compute@developer.gserviceaccount.com","availableMemory":"256Mi","maxInstanceRequestConcurrency":80,"availableCpu":"1"},"state":"FAILED","labels":{"deployment-scheduled":"true","firebase-functions-hash":"8bec1a628b3ad49ae197152cfe4d73841c50ecfb"},"stateMessages":[{"severity":"ERROR","type":"CloudRunServiceNotFound","message":"Cloud Run service projects/psb-academy-chat/locations/europe-west1/services/webinarreminderpush for the function was not found. The function will not work correctly. Please redeploy."}],"environment":"GEN_2","url":"https://europe-west1-psb-academy-chat.cloudfunctions.net/webinarReminderPush","satisfiesPzi":true},"stages":[{"name":"BUILD","message":"Build finished","state":"COMPLETE","resource":"projects/701758501216/locations/europe-west1/builds/07736448-0a6a-4fd2-bfa1-a49571de3a24","resourceUri":"https://console.cloud.google.com/cloud-build/builds;region=europe-west1/07736448-0a6a-4fd2-bfa1-a49571de3a24?project=701758501216"},{"name":"SERVICE","message":"Updating Cloud Run service","state":"COMPLETE","resource":"projects/psb-academy-chat/locations/europe-west1/services/webinarreminderpush","resourceUri":"https://console.cloud.google.com/run/detail/europe-west1/webinarreminderpush?project=psb-academy-chat","stateMessages":[{"severity":"WARNING","type":"CloudRunServiceRecreated","message":"Cloud Run service projects/psb-academy-chat/locations/europe-west1/services/webinarreminderpush for the function was not found. The service was redeployed with default values."}]}],"sourceToken":"Clhwcm9qZWN0cy83MDE3NTg1MDEyMTYvbG9jYXRpb25zL2V1cm9wZS13ZXN0MS9idWlsZHMvMDc3MzY0NDgtMGE2YS00ZmQyLWJmYTEtYTQ5NTcxZGUzYTI0En1ldXJvcGUtd2VzdDEtZG9ja2VyLnBrZy5kZXYvcHNiLWFjYWRlbXktY2hhdC9nY2YtYXJ0aWZhY3RzL3BzYi0tYWNhZGVteS0tY2hhdF9fZXVyb3BlLS13ZXN0MV9fd2ViaW5hcl9yZW1pbmRlcl9wdXNoOnZlcnNpb25fMRjg4sOgthQiTnByb2plY3RzL3BzYi1hY2FkZW15LWNoYXQvbG9jYXRpb25zL2V1cm9wZS13ZXN0MS9mdW5jdGlvbnMvd2ViaW5hclJlbWluZGVyUHVzaCoMCIOLh88GEMC33pADMghub2RlanMyMjp3CiNnY3IuaW8vZ2FlLXJ1bnRpbWVzL25vZGVqczIyOnN0YWJsZRJQZXVyb3BlLXdlc3QxLWRvY2tlci5wa2cuZGV2L3NlcnZlcmxlc3MtcnVudGltZXMvZ29vZ2xlLTIyLWZ1bGwvcnVudGltZXMvbm9kZWpzMjJAAQ==","operationType":"UPDATE_FUNCTION","buildName":"projects/701758501216/locations/europe-west1/builds/07736448-0a6a-4fd2-bfa1-a49571de3a24"},"done":true,"response":{"@type":"type.googleapis.com/google.cloud.functions.v2.Function","name":"projects/psb-academy-chat/locations/europe-west1/functions/webinarReminderPush","buildConfig":{"build":"projects/701758501216/locations/europe-west1/builds/07736448-0a6a-4fd2-bfa1-a49571de3a24","runtime":"nodejs22","entryPoint":"webinarReminderPush","source":{"storageSource":{"bucket":"gcf-v2-sources-701758501216-europe-west1","object":"webinarReminderPush/function-source.zip","generation":"1776403797230469"}},"environmentVariables":{"GOOGLE_NODE_RUN_SCRIPTS":""},"dockerRepository":"projects/psb-academy-chat/locations/europe-west1/repositories/gcf-artifacts","sourceProvenance":{"resolvedStorageSource":{"bucket":"gcf-v2-sources-701758501216-europe-west1","object":"webinarReminderPush/function-source.zip","generation":"1776403797230469"}},"dockerRegistry":"ARTIFACT_REGISTRY","serviceAccount":"projects/psb-academy-chat/serviceAccounts/701758501216-compute@developer.gserviceaccount.com","automaticUpdatePolicy":{}},"serviceConfig":{"service":"projects/psb-academy-chat/locations/europe-west1/services/webinarreminderpush","timeoutSeconds":60,"environmentVariables":{"ONESIGNAL_REST_API_KEY":"os_v2_app_2slkvpnyz5grrfdlqiulem4s66lnkhyjke6exymqle22uhrap4pclmvthumktu25pnhxxiyjsf35suppthewowupuc5oqm5yqx4ynji","APP_PUBLIC_URL":"https://psb-academy-chat.web.app/","FIREBASE_CONFIG":"{\"projectId\":\"psb-academy-chat\",\"databaseURL\":\"https://psb-academy-chat-default-rtdb.europe-west1.firebasedatabase.app\",\"storageBucket\":\"psb-academy-chat.firebasestorage.app\"}","GCLOUD_PROJECT":"psb-academy-chat","EVENTARC_CLOUD_EVENT_SOURCE":"projects/psb-academy-chat/locations/europe-west1/services/webinarReminderPush","FUNCTION_TARGET":"webinarReminderPush","LOG_EXECUTION_ID":"true"},"ingressSettings":"ALLOW_ALL","uri":"https://webinarreminderpush-4p5mfe3orq-ew.a.run.app","serviceAccountEmail":"701758501216-compute@developer.gserviceaccount.com","availableMemory":"256Mi","allTrafficOnLatestRevision":true,"revision":"webinarreminderpush-00001-noh","maxInstanceRequestConcurrency":80,"availableCpu":"1"},"state":"ACTIVE","updateTime":"2026-04-17T05:29:57.272284753Z","labels":{"deployment-tool":"cli-firebase","deployment-scheduled":"true","firebase-functions-hash":"8bec1a628b3ad49ae197152cfe4d73841c50ecfb"},"environment":"GEN_2","url":"https://europe-west1-psb-academy-chat.cloudfunctions.net/webinarReminderPush","createTime":"2026-04-17T05:26:47.791476628Z","satisfiesPzi":true}}
[debug] [2026-04-17T05:30:55.227Z] Got source token Clhwcm9qZWN0cy83MDE3NTg1MDEyMTYvbG9jYXRpb25zL2V1cm9wZS13ZXN0MS9idWlsZHMvMDc3MzY0NDgtMGE2YS00ZmQyLWJmYTEtYTQ5NTcxZGUzYTI0En1ldXJvcGUtd2VzdDEtZG9ja2VyLnBrZy5kZXYvcHNiLWFjYWRlbXktY2hhdC9nY2YtYXJ0aWZhY3RzL3BzYi0tYWNhZGVteS0tY2hhdF9fZXVyb3BlLS13ZXN0MV9fd2ViaW5hcl9yZW1pbmRlcl9wdXNoOnZlcnNpb25fMRjg4sOgthQiTnByb2plY3RzL3BzYi1hY2FkZW15LWNoYXQvbG9jYXRpb25zL2V1cm9wZS13ZXN0MS9mdW5jdGlvbnMvd2ViaW5hclJlbWluZGVyUHVzaCoMCIOLh88GEMC33pADMghub2RlanMyMjp3CiNnY3IuaW8vZ2FlLXJ1bnRpbWVzL25vZGVqczIyOnN0YWJsZRJQZXVyb3BlLXdlc3QxLWRvY2tlci5wa2cuZGV2L3NlcnZlcmxlc3MtcnVudGltZXMvZ29vZ2xlLTIyLWZ1bGwvcnVudGltZXMvbm9kZWpzMjJAAQ== for region europe-west1
[debug] [2026-04-17T05:30:55.228Z] Checked if tokens are valid: true, expires at: 1776406569381
[debug] [2026-04-17T05:30:55.229Z] Checked if tokens are valid: true, expires at: 1776406569381
[debug] [2026-04-17T05:30:55.229Z] >>> [apiv2][query] GET https://compute.googleapis.com/compute/v1/projects/701758501216 [none]
[debug] [2026-04-17T05:30:55.689Z] <<< [apiv2][status] GET https://compute.googleapis.com/compute/v1/projects/701758501216 403
[debug] [2026-04-17T05:30:55.690Z] <<< [apiv2][body] GET https://compute.googleapis.com/compute/v1/projects/701758501216 {"error":{"code":403,"message":"Compute Engine API has not been used in project 701758501216 before or it is disabled. Enable it by visiting https://console.developers.google.com/apis/api/compute.googleapis.com/overview?project=701758501216 then retry. If you enabled this API recently, wait a few minutes for the action to propagate to our systems and retry.","errors":[{"message":"Compute Engine API has not been used in project 701758501216 before or it is disabled. Enable it by visiting https://console.developers.google.com/apis/api/compute.googleapis.com/overview?project=701758501216 then retry. If you enabled this API recently, wait a few minutes for the action to propagate to our systems and retry.","domain":"usageLimits","reason":"accessNotConfigured","extendedHelp":"https://console.developers.google.com"}],"status":"PERMISSION_DENIED","details":[{"@type":"type.googleapis.com/google.rpc.ErrorInfo","reason":"SERVICE_DISABLED","domain":"googleapis.com","metadata":{"serviceTitle":"Compute Engine API","consumer":"projects/701758501216","containerInfo":"701758501216","activationUrl":"https://console.developers.google.com/apis/api/compute.googleapis.com/overview?project=701758501216","service":"compute.googleapis.com"}},{"@type":"type.googleapis.com/google.rpc.LocalizedMessage","locale":"en-US","message":"Compute Engine API has not been used in project 701758501216 before or it is disabled. Enable it by visiting https://console.developers.google.com/apis/api/compute.googleapis.com/overview?project=701758501216 then retry. If you enabled this API recently, wait a few minutes for the action to propagate to our systems and retry."},{"@type":"type.googleapis.com/google.rpc.Help","links":[{"description":"Google developers console API activation","url":"https://console.developers.google.com/apis/api/compute.googleapis.com/overview?project=701758501216"}]}]}}
[debug] [2026-04-17T05:30:55.691Z] unable to look up default compute service account. Falling back to 701758501216-compute@developer.gserviceaccount.com. Error: {"name":"FirebaseError","children":[],"context":{"body":{"error":{"code":403,"message":"Compute Engine API has not been used in project 701758501216 before or it is disabled. Enable it by visiting https://console.developers.google.com/apis/api/compute.googleapis.com/overview?project=701758501216 then retry. If you enabled this API recently, wait a few minutes for the action to propagate to our systems and retry.","errors":[{"message":"Compute Engine API has not been used in project 701758501216 before or it is disabled. Enable it by visiting https://console.developers.google.com/apis/api/compute.googleapis.com/overview?project=701758501216 then retry. If you enabled this API recently, wait a few minutes for the action to propagate to our systems and retry.","domain":"usageLimits","reason":"accessNotConfigured","extendedHelp":"https://console.developers.google.com"}],"status":"PERMISSION_DENIED","details":[{"@type":"type.googleapis.com/google.rpc.ErrorInfo","reason":"SERVICE_DISABLED","domain":"googleapis.com","metadata":{"serviceTitle":"Compute Engine API","consumer":"projects/701758501216","containerInfo":"701758501216","activationUrl":"https://console.developers.google.com/apis/api/compute.googleapis.com/overview?project=701758501216","service":"compute.googleapis.com"}},{"@type":"type.googleapis.com/google.rpc.LocalizedMessage","locale":"en-US","message":"Compute Engine API has not been used in project 701758501216 before or it is disabled. Enable it by visiting https://console.developers.google.com/apis/api/compute.googleapis.com/overview?project=701758501216 then retry. If you enabled this API recently, wait a few minutes for the action to propagate to our systems and retry."},{"@type":"type.googleapis.com/google.rpc.Help","links":[{"description":"Google developers console API activation","url":"https://console.developers.google.com/apis/api/compute.googleapis.com/overview?project=701758501216"}]}]}},"response":{"statusCode":403}},"exit":1,"message":"Request to https://compute.googleapis.com/compute/v1/projects/701758501216 had HTTP Error: 403, Compute Engine API has not been used in project 701758501216 before or it is disabled. Enable it by visiting https://console.developers.google.com/apis/api/compute.googleapis.com/overview?project=701758501216 then retry. If you enabled this API recently, wait a few minutes for the action to propagate to our systems and retry.","status":403}
[debug] [2026-04-17T05:30:55.692Z] Checked if tokens are valid: true, expires at: 1776406569381
[debug] [2026-04-17T05:30:55.692Z] Checked if tokens are valid: true, expires at: 1776406569381
[debug] [2026-04-17T05:30:55.692Z] >>> [apiv2][query] GET https://run.googleapis.com/v1/projects/psb-academy-chat/locations/europe-west1/services/webinarreminderpush:getIamPolicy [none]
[debug] [2026-04-17T05:30:56.391Z] <<< [apiv2][status] GET https://run.googleapis.com/v1/projects/psb-academy-chat/locations/europe-west1/services/webinarreminderpush:getIamPolicy 200
[debug] [2026-04-17T05:30:56.391Z] <<< [apiv2][body] GET https://run.googleapis.com/v1/projects/psb-academy-chat/locations/europe-west1/services/webinarreminderpush:getIamPolicy {"etag":"ACAB"}
[debug] [2026-04-17T05:30:56.392Z] Checked if tokens are valid: true, expires at: 1776406569381
[debug] [2026-04-17T05:30:56.392Z] Checked if tokens are valid: true, expires at: 1776406569381
[debug] [2026-04-17T05:30:56.392Z] >>> [apiv2][query] POST https://run.googleapis.com/v1/projects/psb-academy-chat/locations/europe-west1/services/webinarreminderpush:setIamPolicy [none]
[debug] [2026-04-17T05:30:56.392Z] >>> [apiv2][body] POST https://run.googleapis.com/v1/projects/psb-academy-chat/locations/europe-west1/services/webinarreminderpush:setIamPolicy {"policy":{"bindings":[{"role":"roles/run.invoker","members":["serviceAccount:701758501216-compute@developer.gserviceaccount.com"]}],"etag":"ACAB","version":3},"updateMask":"bindings,etag,version"}
[debug] [2026-04-17T05:30:57.206Z] <<< [apiv2][status] POST https://run.googleapis.com/v1/projects/psb-academy-chat/locations/europe-west1/services/webinarreminderpush:setIamPolicy 200
[debug] [2026-04-17T05:30:57.206Z] <<< [apiv2][body] POST https://run.googleapis.com/v1/projects/psb-academy-chat/locations/europe-west1/services/webinarreminderpush:setIamPolicy {"version":1,"etag":"BwZPoUDiAKM=","bindings":[{"role":"roles/run.invoker","members":["serviceAccount:701758501216-compute@developer.gserviceaccount.com"]}]}
[debug] [2026-04-17T05:30:57.208Z] Checked if tokens are valid: true, expires at: 1776406569381
[debug] [2026-04-17T05:30:57.208Z] Checked if tokens are valid: true, expires at: 1776406569381
[debug] [2026-04-17T05:30:57.208Z] >>> [apiv2][query] GET https://compute.googleapis.com/compute/v1/projects/701758501216 [none]
[debug] [2026-04-17T05:30:57.447Z] <<< [apiv2][status] GET https://compute.googleapis.com/compute/v1/projects/701758501216 403
[debug] [2026-04-17T05:30:57.447Z] <<< [apiv2][body] GET https://compute.googleapis.com/compute/v1/projects/701758501216 {"error":{"code":403,"message":"Compute Engine API has not been used in project 701758501216 before or it is disabled. Enable it by visiting https://console.developers.google.com/apis/api/compute.googleapis.com/overview?project=701758501216 then retry. If you enabled this API recently, wait a few minutes for the action to propagate to our systems and retry.","errors":[{"message":"Compute Engine API has not been used in project 701758501216 before or it is disabled. Enable it by visiting https://console.developers.google.com/apis/api/compute.googleapis.com/overview?project=701758501216 then retry. If you enabled this API recently, wait a few minutes for the action to propagate to our systems and retry.","domain":"usageLimits","reason":"accessNotConfigured","extendedHelp":"https://console.developers.google.com"}],"status":"PERMISSION_DENIED","details":[{"@type":"type.googleapis.com/google.rpc.ErrorInfo","reason":"SERVICE_DISABLED","domain":"googleapis.com","metadata":{"service":"compute.googleapis.com","activationUrl":"https://console.developers.google.com/apis/api/compute.googleapis.com/overview?project=701758501216","serviceTitle":"Compute Engine API","consumer":"projects/701758501216","containerInfo":"701758501216"}},{"@type":"type.googleapis.com/google.rpc.LocalizedMessage","locale":"en-US","message":"Compute Engine API has not been used in project 701758501216 before or it is disabled. Enable it by visiting https://console.developers.google.com/apis/api/compute.googleapis.com/overview?project=701758501216 then retry. If you enabled this API recently, wait a few minutes for the action to propagate to our systems and retry."},{"@type":"type.googleapis.com/google.rpc.Help","links":[{"description":"Google developers console API activation","url":"https://console.developers.google.com/apis/api/compute.googleapis.com/overview?project=701758501216"}]}]}}
[debug] [2026-04-17T05:30:57.448Z] unable to look up default compute service account. Falling back to 701758501216-compute@developer.gserviceaccount.com. Error: {"name":"FirebaseError","children":[],"context":{"body":{"error":{"code":403,"message":"Compute Engine API has not been used in project 701758501216 before or it is disabled. Enable it by visiting https://console.developers.google.com/apis/api/compute.googleapis.com/overview?project=701758501216 then retry. If you enabled this API recently, wait a few minutes for the action to propagate to our systems and retry.","errors":[{"message":"Compute Engine API has not been used in project 701758501216 before or it is disabled. Enable it by visiting https://console.developers.google.com/apis/api/compute.googleapis.com/overview?project=701758501216 then retry. If you enabled this API recently, wait a few minutes for the action to propagate to our systems and retry.","domain":"usageLimits","reason":"accessNotConfigured","extendedHelp":"https://console.developers.google.com"}],"status":"PERMISSION_DENIED","details":[{"@type":"type.googleapis.com/google.rpc.ErrorInfo","reason":"SERVICE_DISABLED","domain":"googleapis.com","metadata":{"service":"compute.googleapis.com","activationUrl":"https://console.developers.google.com/apis/api/compute.googleapis.com/overview?project=701758501216","serviceTitle":"Compute Engine API","consumer":"projects/701758501216","containerInfo":"701758501216"}},{"@type":"type.googleapis.com/google.rpc.LocalizedMessage","locale":"en-US","message":"Compute Engine API has not been used in project 701758501216 before or it is disabled. Enable it by visiting https://console.developers.google.com/apis/api/compute.googleapis.com/overview?project=701758501216 then retry. If you enabled this API recently, wait a few minutes for the action to propagate to our systems and retry."},{"@type":"type.googleapis.com/google.rpc.Help","links":[{"description":"Google developers console API activation","url":"https://console.developers.google.com/apis/api/compute.googleapis.com/overview?project=701758501216"}]}]}},"response":{"statusCode":403}},"exit":1,"message":"Request to https://compute.googleapis.com/compute/v1/projects/701758501216 had HTTP Error: 403, Compute Engine API has not been used in project 701758501216 before or it is disabled. Enable it by visiting https://console.developers.google.com/apis/api/compute.googleapis.com/overview?project=701758501216 then retry. If you enabled this API recently, wait a few minutes for the action to propagate to our systems and retry.","status":403}
[debug] [2026-04-17T05:30:57.448Z] Checked if tokens are valid: true, expires at: 1776406569381
[debug] [2026-04-17T05:30:57.448Z] Checked if tokens are valid: true, expires at: 1776406569381
[debug] [2026-04-17T05:30:57.449Z] >>> [apiv2][query] GET https://cloudscheduler.googleapis.com/v1/projects/psb-academy-chat/locations/europe-west1/jobs/firebase-schedule-webinarReminderPush-europe-west1 [none]
[debug] [2026-04-17T05:30:57.830Z] <<< [apiv2][status] GET https://cloudscheduler.googleapis.com/v1/projects/psb-academy-chat/locations/europe-west1/jobs/firebase-schedule-webinarReminderPush-europe-west1 404
[debug] [2026-04-17T05:30:57.830Z] <<< [apiv2][body] GET https://cloudscheduler.googleapis.com/v1/projects/psb-academy-chat/locations/europe-west1/jobs/firebase-schedule-webinarReminderPush-europe-west1 {"error":{"code":404,"message":"Job not found.","status":"NOT_FOUND"}}
[debug] [2026-04-17T05:30:57.831Z] Checked if tokens are valid: true, expires at: 1776406569381
[debug] [2026-04-17T05:30:57.831Z] Checked if tokens are valid: true, expires at: 1776406569381
[debug] [2026-04-17T05:30:57.831Z] >>> [apiv2][query] POST https://cloudscheduler.googleapis.com/v1/projects/psb-academy-chat/locations/europe-west1/jobs [none]
[debug] [2026-04-17T05:30:57.831Z] >>> [apiv2][body] POST https://cloudscheduler.googleapis.com/v1/projects/psb-academy-chat/locations/europe-west1/jobs {"timeZone":"Europe/Moscow","name":"projects/psb-academy-chat/locations/europe-west1/jobs/firebase-schedule-webinarReminderPush-europe-west1","httpTarget":{"uri":"https://webinarreminderpush-4p5mfe3orq-ew.a.run.app","httpMethod":"POST","oidcToken":{"serviceAccountEmail":"701758501216-compute@developer.gserviceaccount.com"}},"schedule":"every 15 minutes","attemptDeadline":null}
[debug] [2026-04-17T05:30:58.843Z] <<< [apiv2][status] POST https://cloudscheduler.googleapis.com/v1/projects/psb-academy-chat/locations/europe-west1/jobs 200
[debug] [2026-04-17T05:30:58.843Z] <<< [apiv2][body] POST https://cloudscheduler.googleapis.com/v1/projects/psb-academy-chat/locations/europe-west1/jobs {"name":"projects/psb-academy-chat/locations/europe-west1/jobs/firebase-schedule-webinarReminderPush-europe-west1","httpTarget":{"uri":"https://webinarreminderpush-4p5mfe3orq-ew.a.run.app/","httpMethod":"POST","headers":{"User-Agent":"Google-Cloud-Scheduler"},"oidcToken":{"serviceAccountEmail":"701758501216-compute@developer.gserviceaccount.com","audience":"https://webinarreminderpush-4p5mfe3orq-ew.a.run.app/"}},"userUpdateTime":"2026-04-17T05:30:58.193647Z","state":"ENABLED","status":{"code":-1},"scheduleTime":"2026-04-17T05:45:00Z","schedule":"every 15 minutes","timeZone":"Europe/Moscow","attemptDeadline":"180s"}
[debug] [2026-04-17T05:30:58.843Z] created scheduler job firebase-schedule-webinarReminderPush-europe-west1
[info] ✔  functions[webinarReminderPush(europe-west1)] Successful update operation. 
[debug] [2026-04-17T05:31:04.996Z] [update-default-europe-west1-notifyChatMessage] Retrying task index 0
[debug] [2026-04-17T05:31:04.999Z] Checked if tokens are valid: true, expires at: 1776406569381
[debug] [2026-04-17T05:31:04.999Z] Checked if tokens are valid: true, expires at: 1776406569381
[debug] [2026-04-17T05:31:05.000Z] >>> [apiv2][query] GET https://cloudfunctions.googleapis.com/v1/operations/cHNiLWFjYWRlbXktY2hhdC9ldXJvcGUtd2VzdDEvbm90aWZ5Q2hhdE1lc3NhZ2UvZ1l5b2dXUWIzTGs [none]
[debug] [2026-04-17T05:31:05.220Z] <<< [apiv2][status] GET https://cloudfunctions.googleapis.com/v1/operations/cHNiLWFjYWRlbXktY2hhdC9ldXJvcGUtd2VzdDEvbm90aWZ5Q2hhdE1lc3NhZ2UvZ1l5b2dXUWIzTGs 200
[debug] [2026-04-17T05:31:05.220Z] <<< [apiv2][body] GET https://cloudfunctions.googleapis.com/v1/operations/cHNiLWFjYWRlbXktY2hhdC9ldXJvcGUtd2VzdDEvbm90aWZ5Q2hhdE1lc3NhZ2UvZ1l5b2dXUWIzTGs {"name":"operations/cHNiLWFjYWRlbXktY2hhdC9ldXJvcGUtd2VzdDEvbm90aWZ5Q2hhdE1lc3NhZ2UvZ1l5b2dXUWIzTGs","metadata":{"@type":"type.googleapis.com/google.cloud.functions.v1.OperationMetadataV1","target":"projects/psb-academy-chat/locations/europe-west1/functions/notifyChatMessage","type":"UPDATE_FUNCTION","request":{"@type":"type.googleapis.com/google.cloud.functions.v1.CloudFunction","name":"projects/psb-academy-chat/locations/europe-west1/functions/notifyChatMessage","eventTrigger":{"eventType":"providers/google.firebase.database/eventTypes/ref.create","resource":"projects/_/instances/psb-academy-chat-default-rtdb/refs/messages/{messageId}","service":"firebaseio.com"},"status":"OFFLINE","entryPoint":"notifyChatMessage","timeout":"60s","availableMemoryMb":256,"updateTime":"2026-04-17T05:27:27.383Z","versionId":"1","labels":{"deployment-tool":"cli-firebase","firebase-functions-hash":"b1927a3e206be9fe01a351e68387d483fe1bd0b3"},"sourceUploadUrl":"https://storage.googleapis.com/uploads-557388512630.europe-west1.cloudfunctions.appspot.com/9dd428d5-48fd-45df-9bf1-450e84fc9e2c.zip?GoogleAccessId=service-701758501216@gcf-admin-robot.iam.gserviceaccount.com&Expires=1776405596&Signature=cgTWDF8J83jd0Fl17ryz1VMj2WBQPN2yN3GybZUiwqpE14kFzVOeCf8%2FnYyzK8DK3dOfAQ0QVXHccMOd65G6Bhk07lI9JL4QMh2DkQxX7jI4W19v7KlfQG9%2FrHjiLV7x8Y4BoqNb3F1WKGdz998xCv1WxgEeTFFzrPNQ9meetgmv3eyDbA8CZY9Lfnsh0qdRM5nQbavsBwTkEXj8Gz1zjA5t3iOSJAbyFb5Nw0Tt2UzG3ZVKJJuOrmUpREb%2F%2FT8FimIt1gIKUQjuUV3u6Izc9XHEgzMPYrIUF4KuYEHBSZ3extSmZG3cJK8ZlpjHRk%2BOnQpTZsiDf86yvMexCRd0aw%3D%3D","environmentVariables":{"ONESIGNAL_REST_API_KEY":"os_v2_app_2slkvpnyz5grrfdlqiulem4s66lnkhyjke6exymqle22uhrap4pclmvthumktu25pnhxxiyjsf35suppthewowupuc5oqm5yqx4ynji","APP_PUBLIC_URL":"https://psb-academy-chat.web.app/","FIREBASE_CONFIG":"{\"projectId\":\"psb-academy-chat\",\"databaseURL\":\"https://psb-academy-chat-default-rtdb.europe-west1.firebasedatabase.app\",\"storageBucket\":\"psb-academy-chat.firebasestorage.app\"}","GCLOUD_PROJECT":"psb-academy-chat","EVENTARC_CLOUD_EVENT_SOURCE":"projects/psb-academy-chat/locations/europe-west1/functions/notifyChatMessage"},"runtime":"nodejs22","buildId":"d06e6597-29a6-4c7e-8a23-5890fede5cdc","buildEnvironmentVariables":{"GOOGLE_NODE_RUN_SCRIPTS":""},"buildName":"projects/701758501216/locations/europe-west1/builds/d06e6597-29a6-4c7e-8a23-5890fede5cdc","dockerRegistry":"ARTIFACT_REGISTRY","automaticUpdatePolicy":{},"buildServiceAccount":"projects/psb-academy-chat/serviceAccounts/701758501216-compute@developer.gserviceaccount.com"},"versionId":"2","updateTime":"2026-04-17T05:29:57Z","buildId":"784b72c5-ba3e-44bc-831d-a7cc93c4d015","sourceToken":"1ce218dc-7e88-48d7-900b-5dd61b3881fa","buildName":"projects/701758501216/locations/europe-west1/builds/784b72c5-ba3e-44bc-831d-a7cc93c4d015"}}
[debug] [2026-04-17T05:31:05.220Z] Got source token 1ce218dc-7e88-48d7-900b-5dd61b3881fa for region europe-west1
[debug] [2026-04-17T05:31:15.222Z] [update-default-europe-west1-notifyChatMessage] Retrying task index 0
[debug] [2026-04-17T05:31:15.222Z] Checked if tokens are valid: true, expires at: 1776406569381
[debug] [2026-04-17T05:31:15.222Z] Checked if tokens are valid: true, expires at: 1776406569381
[debug] [2026-04-17T05:31:15.222Z] >>> [apiv2][query] GET https://cloudfunctions.googleapis.com/v1/operations/cHNiLWFjYWRlbXktY2hhdC9ldXJvcGUtd2VzdDEvbm90aWZ5Q2hhdE1lc3NhZ2UvZ1l5b2dXUWIzTGs [none]
[debug] [2026-04-17T05:31:15.611Z] <<< [apiv2][status] GET https://cloudfunctions.googleapis.com/v1/operations/cHNiLWFjYWRlbXktY2hhdC9ldXJvcGUtd2VzdDEvbm90aWZ5Q2hhdE1lc3NhZ2UvZ1l5b2dXUWIzTGs 200
[debug] [2026-04-17T05:31:15.611Z] <<< [apiv2][body] GET https://cloudfunctions.googleapis.com/v1/operations/cHNiLWFjYWRlbXktY2hhdC9ldXJvcGUtd2VzdDEvbm90aWZ5Q2hhdE1lc3NhZ2UvZ1l5b2dXUWIzTGs {"name":"operations/cHNiLWFjYWRlbXktY2hhdC9ldXJvcGUtd2VzdDEvbm90aWZ5Q2hhdE1lc3NhZ2UvZ1l5b2dXUWIzTGs","metadata":{"@type":"type.googleapis.com/google.cloud.functions.v1.OperationMetadataV1","target":"projects/psb-academy-chat/locations/europe-west1/functions/notifyChatMessage","type":"UPDATE_FUNCTION","request":{"@type":"type.googleapis.com/google.cloud.functions.v1.CloudFunction","name":"projects/psb-academy-chat/locations/europe-west1/functions/notifyChatMessage","eventTrigger":{"eventType":"providers/google.firebase.database/eventTypes/ref.create","resource":"projects/_/instances/psb-academy-chat-default-rtdb/refs/messages/{messageId}","service":"firebaseio.com"},"status":"OFFLINE","entryPoint":"notifyChatMessage","timeout":"60s","availableMemoryMb":256,"updateTime":"2026-04-17T05:27:27.383Z","versionId":"1","labels":{"deployment-tool":"cli-firebase","firebase-functions-hash":"b1927a3e206be9fe01a351e68387d483fe1bd0b3"},"sourceUploadUrl":"https://storage.googleapis.com/uploads-557388512630.europe-west1.cloudfunctions.appspot.com/9dd428d5-48fd-45df-9bf1-450e84fc9e2c.zip?GoogleAccessId=service-701758501216@gcf-admin-robot.iam.gserviceaccount.com&Expires=1776405596&Signature=cgTWDF8J83jd0Fl17ryz1VMj2WBQPN2yN3GybZUiwqpE14kFzVOeCf8%2FnYyzK8DK3dOfAQ0QVXHccMOd65G6Bhk07lI9JL4QMh2DkQxX7jI4W19v7KlfQG9%2FrHjiLV7x8Y4BoqNb3F1WKGdz998xCv1WxgEeTFFzrPNQ9meetgmv3eyDbA8CZY9Lfnsh0qdRM5nQbavsBwTkEXj8Gz1zjA5t3iOSJAbyFb5Nw0Tt2UzG3ZVKJJuOrmUpREb%2F%2FT8FimIt1gIKUQjuUV3u6Izc9XHEgzMPYrIUF4KuYEHBSZ3extSmZG3cJK8ZlpjHRk%2BOnQpTZsiDf86yvMexCRd0aw%3D%3D","environmentVariables":{"ONESIGNAL_REST_API_KEY":"os_v2_app_2slkvpnyz5grrfdlqiulem4s66lnkhyjke6exymqle22uhrap4pclmvthumktu25pnhxxiyjsf35suppthewowupuc5oqm5yqx4ynji","APP_PUBLIC_URL":"https://psb-academy-chat.web.app/","FIREBASE_CONFIG":"{\"projectId\":\"psb-academy-chat\",\"databaseURL\":\"https://psb-academy-chat-default-rtdb.europe-west1.firebasedatabase.app\",\"storageBucket\":\"psb-academy-chat.firebasestorage.app\"}","GCLOUD_PROJECT":"psb-academy-chat","EVENTARC_CLOUD_EVENT_SOURCE":"projects/psb-academy-chat/locations/europe-west1/functions/notifyChatMessage"},"runtime":"nodejs22","buildId":"d06e6597-29a6-4c7e-8a23-5890fede5cdc","buildEnvironmentVariables":{"GOOGLE_NODE_RUN_SCRIPTS":""},"buildName":"projects/701758501216/locations/europe-west1/builds/d06e6597-29a6-4c7e-8a23-5890fede5cdc","dockerRegistry":"ARTIFACT_REGISTRY","automaticUpdatePolicy":{},"buildServiceAccount":"projects/psb-academy-chat/serviceAccounts/701758501216-compute@developer.gserviceaccount.com"},"versionId":"2","updateTime":"2026-04-17T05:29:57Z","buildId":"784b72c5-ba3e-44bc-831d-a7cc93c4d015","sourceToken":"1ce218dc-7e88-48d7-900b-5dd61b3881fa","buildName":"projects/701758501216/locations/europe-west1/builds/784b72c5-ba3e-44bc-831d-a7cc93c4d015"}}
[debug] [2026-04-17T05:31:15.611Z] Got source token 1ce218dc-7e88-48d7-900b-5dd61b3881fa for region europe-west1
[debug] [2026-04-17T05:31:25.621Z] [update-default-europe-west1-notifyChatMessage] Retrying task index 0
[debug] [2026-04-17T05:31:25.637Z] Checked if tokens are valid: true, expires at: 1776406569381
[debug] [2026-04-17T05:31:25.637Z] Checked if tokens are valid: true, expires at: 1776406569381
[debug] [2026-04-17T05:31:25.638Z] >>> [apiv2][query] GET https://cloudfunctions.googleapis.com/v1/operations/cHNiLWFjYWRlbXktY2hhdC9ldXJvcGUtd2VzdDEvbm90aWZ5Q2hhdE1lc3NhZ2UvZ1l5b2dXUWIzTGs [none]
[debug] [2026-04-17T05:31:25.914Z] <<< [apiv2][status] GET https://cloudfunctions.googleapis.com/v1/operations/cHNiLWFjYWRlbXktY2hhdC9ldXJvcGUtd2VzdDEvbm90aWZ5Q2hhdE1lc3NhZ2UvZ1l5b2dXUWIzTGs 200
[debug] [2026-04-17T05:31:25.914Z] <<< [apiv2][body] GET https://cloudfunctions.googleapis.com/v1/operations/cHNiLWFjYWRlbXktY2hhdC9ldXJvcGUtd2VzdDEvbm90aWZ5Q2hhdE1lc3NhZ2UvZ1l5b2dXUWIzTGs {"name":"operations/cHNiLWFjYWRlbXktY2hhdC9ldXJvcGUtd2VzdDEvbm90aWZ5Q2hhdE1lc3NhZ2UvZ1l5b2dXUWIzTGs","metadata":{"@type":"type.googleapis.com/google.cloud.functions.v1.OperationMetadataV1","target":"projects/psb-academy-chat/locations/europe-west1/functions/notifyChatMessage","type":"UPDATE_FUNCTION","request":{"@type":"type.googleapis.com/google.cloud.functions.v1.CloudFunction","name":"projects/psb-academy-chat/locations/europe-west1/functions/notifyChatMessage","eventTrigger":{"eventType":"providers/google.firebase.database/eventTypes/ref.create","resource":"projects/_/instances/psb-academy-chat-default-rtdb/refs/messages/{messageId}","service":"firebaseio.com"},"status":"OFFLINE","entryPoint":"notifyChatMessage","timeout":"60s","availableMemoryMb":256,"updateTime":"2026-04-17T05:27:27.383Z","versionId":"1","labels":{"deployment-tool":"cli-firebase","firebase-functions-hash":"b1927a3e206be9fe01a351e68387d483fe1bd0b3"},"sourceUploadUrl":"https://storage.googleapis.com/uploads-557388512630.europe-west1.cloudfunctions.appspot.com/9dd428d5-48fd-45df-9bf1-450e84fc9e2c.zip?GoogleAccessId=service-701758501216@gcf-admin-robot.iam.gserviceaccount.com&Expires=1776405596&Signature=cgTWDF8J83jd0Fl17ryz1VMj2WBQPN2yN3GybZUiwqpE14kFzVOeCf8%2FnYyzK8DK3dOfAQ0QVXHccMOd65G6Bhk07lI9JL4QMh2DkQxX7jI4W19v7KlfQG9%2FrHjiLV7x8Y4BoqNb3F1WKGdz998xCv1WxgEeTFFzrPNQ9meetgmv3eyDbA8CZY9Lfnsh0qdRM5nQbavsBwTkEXj8Gz1zjA5t3iOSJAbyFb5Nw0Tt2UzG3ZVKJJuOrmUpREb%2F%2FT8FimIt1gIKUQjuUV3u6Izc9XHEgzMPYrIUF4KuYEHBSZ3extSmZG3cJK8ZlpjHRk%2BOnQpTZsiDf86yvMexCRd0aw%3D%3D","environmentVariables":{"ONESIGNAL_REST_API_KEY":"os_v2_app_2slkvpnyz5grrfdlqiulem4s66lnkhyjke6exymqle22uhrap4pclmvthumktu25pnhxxiyjsf35suppthewowupuc5oqm5yqx4ynji","APP_PUBLIC_URL":"https://psb-academy-chat.web.app/","FIREBASE_CONFIG":"{\"projectId\":\"psb-academy-chat\",\"databaseURL\":\"https://psb-academy-chat-default-rtdb.europe-west1.firebasedatabase.app\",\"storageBucket\":\"psb-academy-chat.firebasestorage.app\"}","GCLOUD_PROJECT":"psb-academy-chat","EVENTARC_CLOUD_EVENT_SOURCE":"projects/psb-academy-chat/locations/europe-west1/functions/notifyChatMessage"},"runtime":"nodejs22","buildId":"d06e6597-29a6-4c7e-8a23-5890fede5cdc","buildEnvironmentVariables":{"GOOGLE_NODE_RUN_SCRIPTS":""},"buildName":"projects/701758501216/locations/europe-west1/builds/d06e6597-29a6-4c7e-8a23-5890fede5cdc","dockerRegistry":"ARTIFACT_REGISTRY","automaticUpdatePolicy":{},"buildServiceAccount":"projects/psb-academy-chat/serviceAccounts/701758501216-compute@developer.gserviceaccount.com"},"versionId":"2","updateTime":"2026-04-17T05:29:57Z","buildId":"784b72c5-ba3e-44bc-831d-a7cc93c4d015","sourceToken":"1ce218dc-7e88-48d7-900b-5dd61b3881fa","buildName":"projects/701758501216/locations/europe-west1/builds/784b72c5-ba3e-44bc-831d-a7cc93c4d015"}}
[debug] [2026-04-17T05:31:25.914Z] Got source token 1ce218dc-7e88-48d7-900b-5dd61b3881fa for region europe-west1
[debug] [2026-04-17T05:31:35.916Z] [update-default-europe-west1-notifyChatMessage] Retrying task index 0
[debug] [2026-04-17T05:31:35.917Z] Checked if tokens are valid: true, expires at: 1776406569381
[debug] [2026-04-17T05:31:35.917Z] Checked if tokens are valid: true, expires at: 1776406569381
[debug] [2026-04-17T05:31:35.917Z] >>> [apiv2][query] GET https://cloudfunctions.googleapis.com/v1/operations/cHNiLWFjYWRlbXktY2hhdC9ldXJvcGUtd2VzdDEvbm90aWZ5Q2hhdE1lc3NhZ2UvZ1l5b2dXUWIzTGs [none]
[debug] [2026-04-17T05:31:36.222Z] <<< [apiv2][status] GET https://cloudfunctions.googleapis.com/v1/operations/cHNiLWFjYWRlbXktY2hhdC9ldXJvcGUtd2VzdDEvbm90aWZ5Q2hhdE1lc3NhZ2UvZ1l5b2dXUWIzTGs 200
[debug] [2026-04-17T05:31:36.222Z] <<< [apiv2][body] GET https://cloudfunctions.googleapis.com/v1/operations/cHNiLWFjYWRlbXktY2hhdC9ldXJvcGUtd2VzdDEvbm90aWZ5Q2hhdE1lc3NhZ2UvZ1l5b2dXUWIzTGs {"name":"operations/cHNiLWFjYWRlbXktY2hhdC9ldXJvcGUtd2VzdDEvbm90aWZ5Q2hhdE1lc3NhZ2UvZ1l5b2dXUWIzTGs","metadata":{"@type":"type.googleapis.com/google.cloud.functions.v1.OperationMetadataV1","target":"projects/psb-academy-chat/locations/europe-west1/functions/notifyChatMessage","type":"UPDATE_FUNCTION","request":{"@type":"type.googleapis.com/google.cloud.functions.v1.CloudFunction","name":"projects/psb-academy-chat/locations/europe-west1/functions/notifyChatMessage","eventTrigger":{"eventType":"providers/google.firebase.database/eventTypes/ref.create","resource":"projects/_/instances/psb-academy-chat-default-rtdb/refs/messages/{messageId}","service":"firebaseio.com"},"status":"OFFLINE","entryPoint":"notifyChatMessage","timeout":"60s","availableMemoryMb":256,"updateTime":"2026-04-17T05:27:27.383Z","versionId":"1","labels":{"deployment-tool":"cli-firebase","firebase-functions-hash":"b1927a3e206be9fe01a351e68387d483fe1bd0b3"},"sourceUploadUrl":"https://storage.googleapis.com/uploads-557388512630.europe-west1.cloudfunctions.appspot.com/9dd428d5-48fd-45df-9bf1-450e84fc9e2c.zip?GoogleAccessId=service-701758501216@gcf-admin-robot.iam.gserviceaccount.com&Expires=1776405596&Signature=cgTWDF8J83jd0Fl17ryz1VMj2WBQPN2yN3GybZUiwqpE14kFzVOeCf8%2FnYyzK8DK3dOfAQ0QVXHccMOd65G6Bhk07lI9JL4QMh2DkQxX7jI4W19v7KlfQG9%2FrHjiLV7x8Y4BoqNb3F1WKGdz998xCv1WxgEeTFFzrPNQ9meetgmv3eyDbA8CZY9Lfnsh0qdRM5nQbavsBwTkEXj8Gz1zjA5t3iOSJAbyFb5Nw0Tt2UzG3ZVKJJuOrmUpREb%2F%2FT8FimIt1gIKUQjuUV3u6Izc9XHEgzMPYrIUF4KuYEHBSZ3extSmZG3cJK8ZlpjHRk%2BOnQpTZsiDf86yvMexCRd0aw%3D%3D","environmentVariables":{"ONESIGNAL_REST_API_KEY":"os_v2_app_2slkvpnyz5grrfdlqiulem4s66lnkhyjke6exymqle22uhrap4pclmvthumktu25pnhxxiyjsf35suppthewowupuc5oqm5yqx4ynji","APP_PUBLIC_URL":"https://psb-academy-chat.web.app/","FIREBASE_CONFIG":"{\"projectId\":\"psb-academy-chat\",\"databaseURL\":\"https://psb-academy-chat-default-rtdb.europe-west1.firebasedatabase.app\",\"storageBucket\":\"psb-academy-chat.firebasestorage.app\"}","GCLOUD_PROJECT":"psb-academy-chat","EVENTARC_CLOUD_EVENT_SOURCE":"projects/psb-academy-chat/locations/europe-west1/functions/notifyChatMessage"},"runtime":"nodejs22","buildId":"d06e6597-29a6-4c7e-8a23-5890fede5cdc","buildEnvironmentVariables":{"GOOGLE_NODE_RUN_SCRIPTS":""},"buildName":"projects/701758501216/locations/europe-west1/builds/d06e6597-29a6-4c7e-8a23-5890fede5cdc","dockerRegistry":"ARTIFACT_REGISTRY","automaticUpdatePolicy":{},"buildServiceAccount":"projects/psb-academy-chat/serviceAccounts/701758501216-compute@developer.gserviceaccount.com"},"versionId":"2","updateTime":"2026-04-17T05:31:31Z","buildId":"784b72c5-ba3e-44bc-831d-a7cc93c4d015","sourceToken":"1ce218dc-7e88-48d7-900b-5dd61b3881fa","buildName":"projects/701758501216/locations/europe-west1/builds/784b72c5-ba3e-44bc-831d-a7cc93c4d015"},"done":true,"response":{"@type":"type.googleapis.com/google.cloud.functions.v1.CloudFunction","name":"projects/psb-academy-chat/locations/europe-west1/functions/notifyChatMessage","eventTrigger":{"eventType":"providers/google.firebase.database/eventTypes/ref.create","resource":"projects/_/instances/psb-academy-chat-default-rtdb/refs/messages/{messageId}","service":"firebaseio.com","failurePolicy":{}},"status":"ACTIVE","entryPoint":"notifyChatMessage","timeout":"60s","availableMemoryMb":256,"serviceAccountEmail":"psb-academy-chat@appspot.gserviceaccount.com","updateTime":"2026-04-17T05:31:31.293Z","versionId":"2","labels":{"deployment-tool":"cli-firebase","firebase-functions-hash":"b1927a3e206be9fe01a351e68387d483fe1bd0b3"},"sourceUploadUrl":"https://storage.googleapis.com/uploads-557388512630.europe-west1.cloudfunctions.appspot.com/9dd428d5-48fd-45df-9bf1-450e84fc9e2c.zip","environmentVariables":{"ONESIGNAL_REST_API_KEY":"os_v2_app_2slkvpnyz5grrfdlqiulem4s66lnkhyjke6exymqle22uhrap4pclmvthumktu25pnhxxiyjsf35suppthewowupuc5oqm5yqx4ynji","APP_PUBLIC_URL":"https://psb-academy-chat.web.app/","FIREBASE_CONFIG":"{\"projectId\":\"psb-academy-chat\",\"databaseURL\":\"https://psb-academy-chat-default-rtdb.europe-west1.firebasedatabase.app\",\"storageBucket\":\"psb-academy-chat.firebasestorage.app\"}","GCLOUD_PROJECT":"psb-academy-chat","EVENTARC_CLOUD_EVENT_SOURCE":"projects/psb-academy-chat/locations/europe-west1/functions/notifyChatMessage"},"runtime":"nodejs22","maxInstances":3000,"ingressSettings":"ALLOW_ALL","buildId":"784b72c5-ba3e-44bc-831d-a7cc93c4d015","buildEnvironmentVariables":{"GOOGLE_NODE_RUN_SCRIPTS":""},"buildName":"projects/701758501216/locations/europe-west1/builds/784b72c5-ba3e-44bc-831d-a7cc93c4d015","dockerRegistry":"ARTIFACT_REGISTRY","automaticUpdatePolicy":{},"buildServiceAccount":"projects/psb-academy-chat/serviceAccounts/701758501216-compute@developer.gserviceaccount.com"}}
[debug] [2026-04-17T05:31:36.222Z] Got source token 1ce218dc-7e88-48d7-900b-5dd61b3881fa for region europe-west1
[info] ✔  functions[notifyChatMessage(europe-west1)] Successful update operation. 
[debug] [2026-04-17T05:31:36.240Z] Total Function Deployment time: 99884
[debug] [2026-04-17T05:31:36.240Z] 2 Functions Deployed
[debug] [2026-04-17T05:31:36.240Z] 0 Functions Errored
[debug] [2026-04-17T05:31:36.240Z] 0 Function Deployments Aborted
[debug] [2026-04-17T05:31:36.240Z] Average Function Deployment time: 81187
